日期,股票代码,名称,收盘价,涨跌幅,变动率,累计变动率,前复权,week,month,quarter,half-year,year
2015-12-31,'603299,N井神,5.31,43.9024,1.0,1.0,5.2872820310076385,,,,,
2016-01-04,'603299,井神股份,5.84,9.9812,1.099812,1.099812,5.8150162250865725,,,,,
2016-01-05,'603299,井神股份,6.42,9.9315,1.099315,1.2090398287800002,6.392534561481046,,,,,
2016-01-06,'603299,井神股份,7.06,9.9688,1.099688,1.3295665912314207,7.029793546845968,,,,,
2016-01-07,'603299,井神股份,7.77,10.0567,1.100567,1.463277114611791,7.736758794471627,6.452277031778571,,,,
2016-01-08,'603299,井神股份,8.55,10.0386,1.100386,1.6101696510392105,8.513421062813457,7.097504838139736,,,,
2016-01-11,'603299,井神股份,9.41,10.0585,1.100585,1.7721285653889893,9.369743520416549,7.808450297205731,,,,
2016-01-12,'603299,井神股份,10.35,9.9894,1.099894,1.949153576299957,10.305724679645037,8.591088320838528,,,,
2016-01-13,'603299,井神股份,11.39,10.0483,1.100483,2.1450103751073057,11.341274812629813,9.453384573995297,,,,
2016-01-14,'603299,井神股份,12.53,10.0088,1.100088,2.3597001735310457,12.476400326076304,10.401312880316233,,,,
2016-01-15,'603299,井神股份,13.78,9.9761,1.099761,2.595106222542676,13.721058499006,11.44284036755474,,,,
2016-01-18,'603299,井神股份,15.16,10.0145,1.100145,2.854993135199212,15.095153902388956,12.587922443949221,,,,
2016-01-19,'603299,井神股份,16.68,10.0264,1.100264,3.141246166906826,16.60865441325808,13.84850839067183,,,,
2016-01-20,'603299,井神股份,18.35,10.012,1.10012,3.4557477331375375,18.271512893113478,15.234556006768566,,,,
2016-01-21,'603299,井神股份,19.19,4.5777,1.045777,3.6139414971173744,19.107927938821536,16.560861529317613,,,,
2016-01-22,'603299,井神股份,18.01,-6.149,0.93851,3.391720234459627,17.9329814498634,17.40324611948909,,,,
2016-01-25,'603299,井神股份,18.27,1.4436,1.014436,3.440683107764286,18.191861970073624,18.022587733026025,,,,
2016-01-26,'603299,井神股份,16.44,-10.0164,0.899836,3.096050524958184,16.369692307703172,17.974795311915045,,,,
2016-01-27,'603299,井神股份,14.81,-9.9148,0.900852,2.78908330750963,14.746670054779019,17.269826744248153,,,,
2016-01-28,'603299,井神股份,13.33,-9.9932,0.900068,2.5103646344235777,13.27300582286484,16.102842321056816,12.379323440617307,,,
2016-01-29,'603299,井神股份,14.66,9.9775,1.099775,2.76083626582319,14.59731997884118,15.435710026852371,12.844825338008985,,,
2016-02-01,'603299,井神股份,15.22,3.8199,1.038199,2.8662974503413703,15.154923004712936,14.828322233780233,13.311820676990303,,,
2016-02-02,'603299,井神股份,15.82,3.9422,1.039422,2.9792926284287278,15.75236037940473,14.704855848120545,13.779811967886484,,,
2016-02-03,'603299,井神股份,16.24,2.6549,1.026549,3.058389868420882,16.170569795117544,14.98963579618825,14.236850780300065,,,
2016-02-04,'603299,井神股份,17.86,9.9754,1.099754,3.363476491355338,17.783648814459696,15.89176439450722,14.739195281299468,,,
2016-02-05,'603299,井神股份,17.02,-4.7032,0.952968,3.205285465013914,16.947248243418027,16.36175004742259,15.160886640329696,,,
2016-02-15,'603299,井神股份,16.39,-3.7015,0.962985,3.0866418235264237,16.319945849687908,16.594754616417582,15.508396756793264,,,
2016-02-16,'603299,井神股份,16.89,3.0506,1.030506,3.1808029189949205,16.817802117778488,16.807842964092334,15.834000628699936,,,
2016-02-17,'603299,井神股份,18.58,10.0059,1.100059,3.499070878266633,18.500574579881285,17.27384392104508,16.19196561706251,,,
2016-02-18,'603299,井神股份,19.9,7.1044,1.071044,3.747658869742208,19.81492940033437,17.68010003822002,16.558892070775414,,,
2016-02-19,'603299,井神股份,18.79,-5.5779,0.944221,3.5386182056468574,18.709672453313118,18.032584880199035,16.808322768490772,,,
2016-02-22,'603299,井神股份,19.2,2.182,1.02182,3.6158308548940714,19.117917506244414,18.592179211510334,17.009460948683543,,,
2016-02-23,'603299,井神股份,21.12,10.0,1.1,3.977413940383479,21.029709256868856,19.43456063932841,17.23051369086408,,,
2016-02-24,'603299,井神股份,21.43,1.4678,1.014678,4.035794422200428,21.338383329341177,20.002122389220386,17.383857212675466,,,
2016-02-25,'603299,井神股份,19.29,-9.986,0.9001399999999999,3.6327799911994925,19.207532370073164,19.880642983168144,17.38883743423805,,,
2016-02-26,'603299,井神股份,18.63,-3.4215,0.965785,3.508484423800602,18.55034665003111,19.848777822511742,17.41970569424643,,,
2016-02-29,'603299,井神股份,16.77,-9.9839,0.900161,3.1582008474127736,16.698298590838654,19.36485403943059,17.345027525284685,,,
2016-03-01,'603299,井神股份,18.45,10.0179,1.100179,3.474586250105738,18.371117445370277,18.833135677130876,17.44509878216804,,,
2016-03-02,'603299,井神股份,19.18,3.9566,1.039566,3.6120617296774213,19.0979890782138,18.3850568269054,17.662664733339774,,,
2016-03-03,'603299,井神股份,19.09,-0.4692,0.995308,3.5951139360417748,19.00838131345882,18.34522661558253,17.949433507869475,,,
2016-03-04,'603299,井神股份,17.47,-8.4861,0.915139,3.290028972315334,17.395311066817392,18.114219498939786,18.089333062268285,,,
2016-03-07,'603299,井神股份,17.53,0.3434,1.003434,3.3013269318062646,17.455046565020844,18.265569093776225,18.20433924028368,,,
2016-03-08,'603299,井神股份,17.62,0.5134,1.005134,3.318275944274158,17.54466077408566,18.1002777595193,18.293954260017728,,,
2016-03-09,'603299,井神股份,17.01,-3.462,0.96538,3.2033972310833865,16.93726461808681,17.668132867493902,18.332289001166192,,,
2016-03-10,'603299,井神股份,16.38,-3.7037,0.962963,3.0847530078357512,16.30995914842673,17.128448434487485,18.258604517864544,,,
2016-03-11,'603299,井神股份,16.29,-0.5495,0.994505,3.067802290057694,16.220335922906127,16.89345340570523,18.22225890183895,,,
2016-03-14,'603299,井神股份,16.88,3.6219,1.036219,3.1789150212012935,16.807820269697864,16.764008146640634,18.24665262283945,,,
2016-03-15,'603299,井神股份,16.3,-3.436,0.96564,3.069687501072817,16.230303565231043,16.50113670486971,18.217277695212076,,,
2016-03-16,'603299,井神股份,16.04,-1.5951,0.984049,3.0207229157432045,15.971413993062045,16.307966579864758,18.090819665871116,,,
2016-03-17,'603299,井神股份,16.57,3.3042,1.033042,3.1205336423251917,16.499141454220805,16.345803041023572,17.925030268565436,,,
2016-03-18,'603299,井神股份,17.14,3.44,1.0344,3.2278799996211784,17.066711920246,16.515078240491547,17.842882241912083,,,
2016-03-21,'603299,井神股份,17.76,3.6173,1.036173,3.3446421028474753,17.68406609053706,16.69032740465939,17.771189671126713,,,
2016-03-22,'603299,井神股份,17.35,-2.3086,0.976914,3.2674276952611385,17.27581174077092,16.899429039767362,17.58349479532182,,,
2016-03-23,'603299,井神股份,17.78,2.4784,1.024784,3.3484076232604902,17.703975458954183,17.24594133294579,17.401774401802466,,,
2016-03-24,'603299,井神股份,16.98,-4.4994,0.955006,3.197749370659508,16.907402787154002,17.327593599532428,17.28676792265651,,,
2016-03-25,'603299,井神股份,16.65,-1.9435,0.980565,3.1356011116407405,16.578807413985665,17.23001269828036,17.188190960854236,,,
2016-03-28,'603299,井神股份,16.43,-1.3213,0.986787,3.0941704141526314,16.35975163162467,16.965149806497884,17.171263612893537,,,
2016-03-29,'603299,井神股份,16.23,-1.2173,0.987827,3.0565050777011513,16.160604375012902,16.74210833334628,17.06073795937567,,,
2016-03-30,'603299,井神股份,16.79,3.4504,1.034504,3.161966728902152,16.71820986836835,16.544955215229113,16.941748998883398,,,
2016-03-31,'603299,井神股份,16.81,0.1191,1.001191,3.165732631276274,16.738121256321573,16.51109890906263,16.828235996026535,15.718997648171106,,
2016-04-01,'603299,井神股份,18.49,9.9941,1.099941,3.4821191161786564,18.410945832799612,16.877526592825415,16.879017734325647,15.937725378200973,,
2016-04-05,'603299,井神股份,19.29,4.3267,1.043267,3.6327799639783582,19.20753222614735,17.44708271172995,16.96664201738197,16.160933978218655,,
2016-04-06,'603299,井神股份,18.79,-2.592,0.97408,3.538618307312039,18.709672990845608,17.956896434896493,17.024892628219966,16.36621961870806,,
2016-04-07,'603299,井神股份,18.38,-2.182,0.97818,3.4614056558464905,18.301427926185358,18.273540046459892,17.09310079362489,16.554080191697054,,
2016-04-08,'603299,井神股份,18.18,-1.0881,0.989119,3.423742100905225,18.102290088920533,18.546373812979684,17.18271734064958,16.726839046604535,,
2016-04-11,'603299,井神股份,18.24,0.33,1.0033,3.4350404498382123,18.162027646213975,18.496590175662554,17.279801926814976,16.88764915632788,,
2016-04-12,'603299,井神股份,18.63,2.1382,1.021382,3.508488484736653,18.550368121345322,18.36515735470215,17.36692931939735,17.040659566343358,,
2016-04-13,'603299,井神股份,18.63,0.0,1.0,3.508488484736653,18.550368121345322,18.33329638080209,17.482932547203063,17.178070290371696,,
2016-04-14,'603299,井神股份,19.72,5.8508,1.058508,3.713763129001625,19.635713059388998,18.600153407442818,17.666147500519408,17.316310927817685,,
2016-04-15,'603299,井神股份,18.85,-4.4118,0.955882,3.5499193272763314,18.769424670634873,18.733580323785684,17.77966166134011,17.42119466689366,,
2016-04-18,'603299,井神股份,19.54,3.6605,1.036605,3.6798641242512815,19.45647946070346,18.992470686683582,17.899150038362983,17.51678501625528,,
2016-04-19,'603299,井神股份,20.18,3.2753,1.032753,3.8003907139128836,20.09373753247988,19.301144568910495,18.019633610460126,17.600094743423465,,
2016-04-20,'603299,井神股份,18.49,-8.3746,0.916254,3.482123193185535,18.41096738908482,19.273264422458396,18.076391392875824,17.630133293020574,,
2016-04-22,'603299,井神股份,17.43,-5.7328,0.942672,3.2825000347665947,17.355503450603365,18.81722250070127,18.058967792458283,17.614866468978743,,
2016-04-25,'603299,井神股份,17.77,1.9507,1.019507,3.3465317629447866,17.694057256414286,18.60214901785715,18.098300515921295,17.59130195760529,,
2016-04-26,'603299,井神股份,17.56,-1.1818,0.988182,3.306982450570305,17.48494888775798,18.20784290326805,18.14360758960991,17.583834748236868,,
2016-04-27,'603299,井神股份,17.15,-2.3349,0.976651,3.2297677173319395,17.07669281617772,17.604433960007622,18.179454648837567,17.565248595671935,,
2016-04-28,'603299,井神股份,17.15,0.0,1.0,3.2297677173319395,17.07669281617772,17.337579045426203,18.22525907089581,17.57703193747984,,
2016-04-29,'603299,井神股份,17.05,-0.5831,0.994169,3.2109349417721766,16.977118620366586,17.261902079378846,18.23820450849572,17.614206080239633,,
2016-05-03,'603299,井神股份,17.55,2.9326,1.029326,3.3050988198745874,17.474989601027456,17.21808854830148,18.275047925731013,17.68423914320901,,
2016-05-04,'603299,井神股份,17.57,0.114,1.00114,3.308866632529244,17.49491108917263,17.22008098858441,18.229246188549663,17.732532328381197,,
2016-05-05,'603299,井神股份,17.83,1.4798,1.014798,3.3578312409574123,17.753800783470204,17.35550258204291,18.156559616415805,17.775846958027156,,
2016-05-06,'603299,井神股份,19.07,6.9546,1.0695459999999999,3.591354972441036,18.98850661275742,17.737865341358848,18.170501297511397,17.829782728583034,,
2016-05-09,'603299,井神股份,17.16,-10.0157,0.899843,3.231655632466259,17.086674755943477,17.75977656847423,18.109763638999304,17.845051144596802,,
2016-05-10,'603299,井神股份,16.95,-1.2238,0.987762,3.192106630836137,16.87756803028024,17.640292254324784,18.04852753606729,17.82994979819381,,
2016-05-11,'603299,井神股份,16.4,-3.2448,0.967552,3.088529154878766,16.329924702833708,17.407294977057,17.956922388898274,17.819661072517405,,
2016-05-12,'603299,井神股份,15.86,-3.2927,0.967073,2.9868331553960727,15.7922292721435,17.014980674791662,17.819015446438183,17.810865796225,,
2016-05-13,'603299,井神股份,15.65,-1.3241,0.986759,2.9472844975854735,15.583124364351049,16.333904225110388,17.670653258588466,17.790287833667875,,
2016-05-16,'603299,井神股份,16.11,2.9393,1.029393,3.0339140308230035,16.04115913879242,16.124801101680177,17.490925562558637,17.749297576316394,,
2016-05-17,'603299,井神股份,16.05,-0.3724,0.996276,3.0226157349722187,15.981421862159557,15.94557186805604,17.351525422134873,17.68540578401348,,
2016-05-18,'603299,井神股份,14.77,-7.9751,0.920249,2.7815591074924493,14.70688748723047,15.620964424935394,17.114045823461222,17.618692701245436,,
2016-05-19,'603299,井神股份,14.85,0.5416,1.005416,2.7966240316186286,14.786539989861312,15.419826568478957,16.848685946330292,17.546503075972385,,
2016-05-20,'603299,井神股份,15.14,1.9529,1.019529,2.8512393023321088,15.075306329323313,15.318262961473408,16.68190289334222,17.447263027179954,,
2016-05-23,'603299,井神股份,15.76,4.0951,1.040951,2.968000403001911,15.692655198815434,15.24856217347801,16.598760480752823,17.35316755833786,,
2016-05-24,'603299,井神股份,15.17,-3.7437,0.9625630000000001,2.8568873719147287,15.10516926613738,15.073311654273573,16.46931608123898,17.28479483993893,,
2016-05-25,'603299,井神股份,15.06,-0.7251,0.992749,2.8361720815809752,14.995641683788621,15.131062493585201,16.34485072104051,17.22554975716822,,
2016-05-26,'603299,井神股份,15.17,0.7304,1.007304,2.8568874824648427,15.10516985064701,15.194788465742343,16.246274572763973,17.19899761149836,,
2016-05-27,'603299,井神股份,15.42,1.648,1.01648,2.9039689881758632,15.354103049785676,15.250547809834817,16.160145084444373,17.148714038238612,,
2016-05-30,'603299,井神股份,15.13,-1.8807,0.981193,2.84935404341524,15.065338433728355,15.125084456817401,16.06455607511246,17.081503194163854,,
2016-05-31,'603299,井神股份,15.89,5.0231,1.050231,2.9924799463700307,15.822085448592963,15.268467693308517,15.981910867490736,17.028398263082757,,
2016-06-01,'603299,井神股份,15.92,0.1888,1.001888,2.998129748508777,15.851957545919905,15.439730865734774,15.899763190328102,17.002675704401135,,
2016-06-02,'603299,井神股份,16.79,5.4648,1.054648,3.1619715430052846,16.71823532188934,15.762343959983237,15.84798491724906,16.990395517015607,,
2016-06-03,'603299,井神股份,16.57,-1.3103,0.986897,3.1205402298772866,16.499176284466625,15.991358606919428,15.723518400834518,16.972970775521954,,
2016-06-06,'603299,井神股份,16.82,1.5088,1.015088,3.1676229408656753,16.748115856246656,16.32791409142309,15.706590455849678,16.969818296157953,,
2016-06-07,'603299,井神股份,17.5,4.0428,1.040428,3.2956836011189927,17.425208684082996,16.648538738521097,15.733972488539814,16.98840578841889,,
2016-06-08,'603299,井神股份,16.83,-3.8286,0.961714,3.1695050587665508,16.758067144404194,16.829760658217957,15.75537961061834,16.997367975443858,,
2016-06-13,'603299,井神股份,15.16,-9.9228,0.900772,2.8550014107952637,15.095197657799254,16.50515312539994,15.720528029901127,16.968824265245544,,
2016-06-14,'603299,井神股份,15.27,0.7256,1.007256,2.875717301031994,15.204728412004243,16.246263550907464,15.701608232283789,16.9517313460251,,
2016-06-15,'603299,井神股份,15.66,2.554,1.02554,2.9491631209003506,15.593057175646832,16.015251814787497,15.67920313412651,16.94542539906818,,
2016-06-16,'603299,井神股份,15.56,-0.6386,0.993614,2.930329765210281,15.493479912523151,15.628906060475533,15.65480603664469,16.92866437337322,,
2016-06-17,'603299,井神股份,15.82,1.671,1.01671,2.979295575586945,15.752375961861413,15.427767823966978,15.707080460376236,16.90675877406681,,
2016-06-20,'603299,井神股份,16.49,4.2351,1.042351,3.1054717225086277,16.419504836222206,15.692629259651568,15.78872870269428,16.88568275316156,,
2016-06-21,'603299,井神股份,16.83,2.0619,1.020619,3.169503443955033,16.75805860644027,16.003295298538774,15.872866316550127,16.87705353425605,,
2016-06-22,'603299,XD井神股,16.77,-0.1191,0.998809,3.1657285653532825,16.73809975864,16.232303815137406,15.925138544541355,16.86095560591748,,
2016-06-23,'603299,井神股份,17.54,4.5915,1.045915,3.311082992431478,17.506629609057953,16.63493375444437,16.04521156168738,16.87094271961588,,
2016-06-24,'603299,井神股份,16.8,-4.2189,0.957811,3.1713917120637864,16.76804241248141,16.838067044568366,16.133831598122022,16.874096636257473,,
2016-06-27,'603299,井神股份,17.6,4.7619,1.047619,3.322410214000552,17.56651982412136,17.067470042148194,16.25689909679574,16.894209439465747,,
2016-06-28,'603299,井神股份,17.41,-1.0795,0.989205,3.286544795740416,17.37688924261997,17.191236169384133,16.35803840643745,16.914480853925866,,
2016-06-29,'603299,井神股份,17.79,2.1827,1.021827,3.358280208997042,17.756174604118637,17.39485113847986,16.492580214956966,16.93178026618837,,
2016-06-30,'603299,井神股份,17.17,-3.4851,0.965149,3.2412407854332863,17.137354162990498,17.320996049266373,16.558343650676843,16.938434147966184,16.328715898068644,
2016-07-01,'603299,井神股份,17.25,0.4659,1.004659,3.2563417262526198,17.21719709603587,17.410826985977266,16.62660562818264,16.918538335686787,16.428131856943878,
2016-07-04,'603299,井神股份,17.49,1.3913,1.013913,3.301647208689973,17.45673995923302,17.388871012999598,16.663530860049825,16.88935846457155,16.5251462213951,
2016-07-05,'603299,井神股份,18.16,3.8308,1.038308,3.4281267099604684,18.125472753591318,17.53858771519387,16.744845683506064,16.879621793950644,16.622920706329353,
2016-07-06,'603299,井神股份,18.86,3.8546,1.038546,3.5602672821226045,18.824137226351247,17.75218023964039,16.84864675201129,16.888333615620077,16.721206903658565,
2016-07-07,'603299,井神股份,19.58,3.8176,1.038176,3.696184045884917,19.54276748910443,18.233262904863174,16.954524692262364,16.912341572289808,16.81959030944717,
2016-07-08,'603299,井神股份,19.06,-2.6558,0.973442,3.5980207899943055,19.0237506701288,18.59457361968176,17.067808868548592,16.926703622688386,16.90717638950813,
2016-07-11,'603299,井神股份,18.3,-3.9874,0.960126,3.4545533090140728,18.265197635908084,18.756265155016774,17.226308867454033,16.921950781264435,16.981305173803896,
2016-07-12,'603299,井神股份,19.46,6.3388,1.063388,3.673530534165857,19.422991983653027,19.015769001029117,17.437222046036474,16.9364945123029,17.057282401337297,
2016-07-13,'603299,井神股份,19.26,-1.0277,0.989723,3.635777660866234,19.223381895037022,19.095617934766274,17.618738282005985,16.929622326230366,17.122966627024024,
2016-07-14,'603299,井神股份,18.85,-2.1288,0.978712,3.5583792260217137,18.814154541255476,18.94989534519648,17.784772013442605,16.930367824074043,17.17578124548385,
2016-07-15,'603299,井神股份,18.95,0.5305,1.005305,3.5772564278157586,18.91396363109683,18.92793793739009,17.942851396904377,16.921325893580597,17.219055454917942,
2016-07-18,'603299,井神股份,20.09,6.0158,1.060158,3.792457020000299,20.051789855216356,19.285256381251745,18.124465647854088,16.920626765626206,17.260360754524832,
2016-07-19,'603299,井神股份,19.57,-2.5884,0.974116,3.6942930624946113,19.532769326603937,19.307211849841927,18.26320118386227,16.939323464584856,17.284728378802715,
2016-07-20,'603299,井神股份,19.42,-0.7665,0.992335,3.66597630617059,19.383050649715518,19.339145600777627,18.39544872841605,16.973115917903392,17.293991193441066,
2016-07-21,'603299,井神股份,18.81,-3.1411,0.968589,3.5508243244174658,18.774209645757306,19.331156621677994,18.458827730251016,16.991118457725772,17.291210207665532,
2016-07-22,'603299,井神股份,17.96,-4.5189,0.954811,3.390366124021365,17.925821886075177,19.133528272673665,18.516716703930705,16.998466341031058,17.291150544633965,
2016-07-25,'603299,井神股份,18.14,1.0022,1.010022,3.424344373316307,18.105474473017424,18.744265196233876,18.543664436375508,17.015612701978387,17.29043064882516,
2016-07-26,'603299,井神股份,18.31,0.9372,1.009372,3.4564373287830272,18.275158979778542,18.492743126868795,18.588577923233437,17.0355871380384,17.306309537759123,
2016-07-27,'603299,井神股份,17.0,-7.1546,0.928454,3.209143063657917,16.967644455411303,18.009661888007955,18.549151415798068,17.035429235289147,17.32481765776439,
2016-07-28,'603299,井神股份,17.05,0.2941,1.002941,3.218581153408135,17.01754629775467,17.658329218407424,18.543161022536275,17.0278051802346,17.356022161721803,
2016-07-29,'603299,井神股份,17.75,4.1056,1.041056,3.3507232212424594,17.716218678555286,17.61640857690345,18.568112101662244,17.031493640057644,17.382012984219422,
2016-08-01,'603299,井神股份,17.1,-3.662,0.96338,3.2280197368805608,17.067450750546595,17.408803832409284,18.548647641227923,17.02005447284225,17.3979507154347,
2016-08-02,'603299,井神股份,17.3,1.1696,1.011696,3.2657746557231158,17.267071654524987,17.207186367358574,18.50572758627461,16.991363890205044,17.41057330939403,
2016-08-03,'603299,井神股份,17.52,1.2717,1.012717,3.307305512019947,17.486657004755582,17.31098887722743,18.438853575194823,16.99803026101858,17.421540702807686,
2016-08-04,'603299,井神股份,17.44,-0.4566,0.995434,3.292204355052064,17.40681292887187,17.38884220345087,18.332055847183195,17.00685100932844,17.418400403761115,
2016-08-05,'603299,井神股份,17.22,-1.2615,0.987385,3.2506731971130822,17.18722598377415,17.28304366449465,18.240229612865466,17.02113936401078,17.420400218264085,
2016-08-08,'603299,井神股份,17.23,0.0581,1.000581,3.2525618382406045,17.197211762070722,17.30899586679947,18.1868303191736,17.044555738842902,17.42771076753394,
2016-08-09,'603299,井神股份,17.44,1.2188,1.012188,3.2922040619250814,17.40681137902684,17.336943811699843,18.086021288942288,17.074950522420828,17.43261917804434,
2016-08-10,'603299,井神股份,17.54,0.5734,1.005734,3.3110815600161594,17.506622035474177,17.340936817843563,18.000183295964142,17.099374904032192,17.424336240174284,
2016-08-11,'603299,井神股份,17.25,-1.6534,0.983466,3.256336137502852,17.217167546739645,17.303007741417115,17.92033394623835,17.119970665441862,17.402688224727665,
2016-08-12,'603299,井神股份,17.32,0.4058,1.004058,3.269550349548838,17.287034812644315,17.32296950719115,17.838987505315725,17.162973120865427,17.390832911055426,
2016-08-15,'603299,井神股份,17.61,1.6744,1.016744,3.324295700601684,17.57648892354723,17.398824939486452,17.715222458732267,17.20947226976019,17.37798767286628,
2016-08-16,'603299,井神股份,17.78,0.9654,1.009654,3.3563884512952926,17.746172347615158,17.466697133204114,17.625892609782827,17.25398670339839,17.350624865289166,
2016-08-17,'603299,井神股份,18.04,1.4623,1.014623,3.405468919618584,18.005674625854336,17.566507651280148,17.55702380858977,17.292537027182373,17.32285229276011,
2016-08-18,'603299,井神股份,17.74,-1.663,0.98337,3.3488359714853266,17.706240256826376,17.664322193297494,17.50362533914322,17.33588821036052,17.31034152514972,
2016-08-19,'603299,井神股份,17.65,-0.5073,0.994927,3.3318473266019817,17.616416500003496,17.730198530769332,17.488155069839635,17.379567790630766,17.302558773899488,
2016-08-22,'603299,井神股份,17.19,-2.6062,0.973938,3.2450127215760807,17.157297453180405,17.646360236695966,17.440746218847785,17.41376991733966,17.306383764419007,
2016-08-23,'603299,井神股份,17.28,0.5236,1.005236,3.262003608186253,17.247133062645254,17.546552379701986,17.38934492299112,17.445320417553987,17.297017227896298,
2016-08-24,'603299,井神股份,17.44,0.9259,1.009259,3.292206499594449,17.406824267672288,17.426782308065576,17.411303913604172,17.484345181453055,17.282924187808455,
2016-08-25,'603299,井神股份,17.14,-1.7202,0.982798,3.235573963388425,17.107392076619785,17.307012672024257,17.415796202547426,17.505766958586833,17.267082610834795,
2016-08-26,'603299,井神股份,18.11,5.6593,1.056593,3.418684800698466,18.07555071641193,17.398839515305944,17.43376280444026,17.5428268447617,17.272751274581413,
2016-08-29,'603299,井神股份,17.79,-1.767,0.98233,3.358276640270124,17.75615573525293,17.518611171720448,17.46819805367558,17.560125518317758,17.275260517666677,
2016-08-30,'603299,井神股份,18.2,2.3047,1.023047,3.4356748419984298,18.165381856483304,17.70226093048806,17.513113563773494,17.587895611184702,17.280433193353325,
2016-08-31,'603299,井神股份,18.54,1.8681,1.018681,3.499856683721802,18.504729354944267,17.92184194794245,17.564017181282928,17.61717250282966,17.293495399493803,
2016-09-01,'603299,井神股份,18.2,-1.8339,0.981661,3.435672811999028,18.165371123303945,18.13343775727928,17.60194509100453,17.629508543483343,17.308957165951117,
2016-09-02,'603299,井神股份,17.82,-2.0879,0.979121,3.3639393993573004,17.78609633962048,18.075546881920992,17.63188860879685,17.646642363403615,17.322005169423736,
2016-09-05,'603299,井神股份,17.86,0.2245,1.002245,3.371491443308858,17.826026125902935,18.089520960050997,17.66332932698846,17.692156171205344,17.330490218225446,
2016-09-06,'603299,井神股份,17.89,0.168,1.00168,3.3771555489336165,17.85597384979445,18.027639358713223,17.68578745052684,17.736343595168517,17.344037470596803,
2016-09-07,'603299,井神股份,17.77,-0.6708,0.993292,3.3545015895113695,17.736195977210023,17.87393268316638,17.697266147613632,17.772062575194568,17.358743987131373,
2016-09-08,'603299,井神股份,18.24,2.6449,1.026449,3.4432248020523555,18.20530062461125,17.88191858342784,17.746672801507213,17.817259587062704,17.372961980217955,
2016-09-09,'603299,井神股份,17.94,-1.6447,0.983553,3.3865940837330006,17.90587804523827,17.905874924551398,17.777614963136912,17.853151288452317,17.37995503125956,
2016-09-12,'603299,井神股份,16.69,-6.9677,0.930323,3.1506263677607365,16.658250180680206,17.672319735506854,17.73170302599356,17.85713037752662,17.371406565344085,
2016-09-13,'603299,井神股份,16.94,1.4979,1.014979,3.1978196001234247,16.907774110136614,17.482679787575286,17.68978311411964,17.859625635921557,17.368339585088794,
2016-09-14,'603299,井神股份,16.73,-1.2397,0.987603,3.1581762305406946,16.69816843449325,17.27507427903193,17.624407804551584,17.858960113852447,17.359957859884954,
2016-09-19,'603299,井神股份,16.82,0.538,1.00538,3.1751672186610036,16.788004580670826,16.991615070243846,17.578496020743806,17.846983030045994,17.35896287483093,
2016-09-20,'603299,井神股份,16.76,-0.3567,0.996433,3.16384139719204,16.728121768331572,16.756063814862507,17.53408128416021,17.84631768597683,17.36020716111715,
2016-09-21,'603299,井神股份,16.8,0.2387,1.002387,3.171393486607137,16.76805179499258,16.77802413772498,17.514619001250814,17.833009885491354,17.36360966247855,
2016-09-22,'603299,井神股份,16.84,0.2381,1.002381,3.1789445744987486,16.807976526316455,16.758064620960948,17.492661174434375,17.823528006886296,17.369004430406076,
2016-09-23,'603299,井神股份,16.84,0.0,1.0,3.1789445744987486,16.807976526316455,16.780026239325586,17.462718787366583,17.807724705589592,17.369752485888977,
2016-09-26,'603299,井神股份,15.84,-5.9382,0.940618,2.9901724877758635,15.80988526423073,16.584402376037566,17.39784344674713,17.7856002239436,17.362017185954887,
2016-09-27,'603299,井神股份,15.88,0.2525,1.002525,2.9977226733074978,15.849805224522914,16.408739067275835,17.28655617215268,17.762810359418385,17.34067434755258,
2016-09-28,'603299,井神股份,15.66,-1.3854,0.986146,2.9561922233914957,15.630222022942373,16.181173112865793,17.18025948653715,17.73236839381354,17.310863429192537,
2016-09-29,'603299,井神股份,15.65,-0.0639,0.999361,2.954303216560749,15.620234311069714,15.943624669816444,17.053002109266473,17.690614419771514,17.285118106861074,
2016-09-30,'603299,井神股份,15.78,0.8307,1.008307,2.978844613380719,15.749991597491773,15.732027684051507,16.915265221393845,17.63937865929052,17.263856137455296,
2016-10-10,'603299,井神股份,16.49,4.4994,1.044994,3.1128747479151713,16.458646719429318,15.861779975091224,16.829929001200117,17.587976646462604,17.250159109376202,
2016-10-11,'603299,井神股份,16.6,0.6671,1.006671,3.133640735358514,16.56844235169463,16.005507400525566,16.769046301803822,17.54705484115537,17.236879231921872,
2016-10-12,'603299,井神股份,16.53,-0.4217,0.995783,3.120426172377507,16.498573230297534,16.1791776419966,16.702673657023553,17.517611101061856,17.21978094116314,
2016-10-13,'603299,井神股份,16.55,0.121,1.00121,3.1242018880460836,16.518536503906194,16.358838080563896,16.63580178972914,17.469203509732743,17.20284901101781,
2016-10-14,'603299,井神股份,16.43,-0.7251,0.992749,3.1015483001558612,16.39876059571637,16.488591880208816,16.56893002065446,17.422126488077403,17.17587440715387,
2016-10-17,'603299,井神股份,16.1,-2.0085,0.979915,3.0392537025472306,16.069391489151407,16.410740834153234,16.46213456388147,17.376380437209,17.153374130641506,
2016-10-18,'603299,井神股份,16.27,1.0559,1.010559,3.071345182392427,16.239068193885355,16.34486600259138,16.378794071313823,17.33179884658881,17.126562370084688,
2016-10-19,'603299,井神股份,16.3,0.1844,1.001844,3.0770087429087583,16.269013035634877,16.29895396365885,16.359332214061556,17.26875256626245,17.094689665944315,
2016-10-20,'603299,井神股份,16.26,-0.2454,0.997546,3.06945776345366,16.22908887764543,16.241064438406696,16.325397952436997,17.213691225446475,17.076507345015656,
2016-10-21,'603299,井神股份,16.24,-0.123,0.99877,3.0656823304046124,16.20912709832593,16.20313773892861,16.300945885628632,17.160792499589984,17.066954208746676,
2016-10-24,'603299,井神股份,16.44,1.2315,1.012315,3.1034362083035454,16.408742498541812,16.27100794080669,16.28198278152218,17.121368047136393,17.056243252431074,
2016-10-25,'603299,井神股份,16.62,1.0949,1.010949,3.1374157313482613,16.58840182015835,16.34087466606129,16.274996784113522,17.099077712704446,17.048772026867745,
2016-10-26,'603299,井神股份,16.5,-0.722,0.99278,3.114763589767927,16.46863355901681,16.380798770737677,16.260025872314735,17.071797030804433,17.0437048663914,
2016-10-27,'603299,井神股份,16.41,-0.5455,0.994545,3.097772554385743,16.378797162952374,16.410740427799063,16.23856690414653,17.040191000523997,17.037889069281192,
2016-10-28,'603299,井神股份,16.63,1.3406,1.013406,3.1393012932498383,16.59837131771891,16.48858927167766,16.22808664371665,17.034036448229124,17.03473284175913,
2016-10-31,'603299,井神股份,16.37,-1.5634,0.984366,3.0902214568311703,16.338872380537694,16.474615248076837,16.254535999532,17.022725216275507,17.02526519825505,
2016-11-01,'603299,井神股份,16.63,1.5883,1.015883,3.1393034442300203,16.598382690557777,16.476611422156722,16.29196487283374,17.004094616475548,17.017794128266594,
2016-11-02,'603299,井神股份,16.49,-0.8419,0.991581,3.1128736485330477,16.45864090668597,16.474612891690555,16.333385817020922,16.993947785744535,17.007001129293393,
2016-11-03,'603299,井神股份,17.01,3.1534,1.031534,3.2110350061658886,16.977647689037404,16.594382996907562,16.401256485919305,16.98912405298641,16.990243971595724,
2016-11-04,'603299,井神股份,17.39,2.234,1.02234,3.2827695282036347,17.3569283384105,16.74609440104588,16.481603322965242,16.986961908547325,16.99249608478295,
2016-11-07,'603299,井神股份,17.8,2.3577,1.023577,3.3601673853700915,17.766152637845202,17.031550452507382,16.546978618886037,16.992950903696883,16.999900956512658,
2016-11-08,'603299,井神股份,17.65,-0.8427,0.991573,3.3318512548135777,17.61643726956608,17.235161368309043,16.599378364779607,17.000104425126747,17.01062189456876,
2016-11-09,'603299,井神股份,17.84,1.0765,1.010765,3.3677186335716454,17.80607821677296,17.50464883032644,16.66475361410338,17.010252199371784,17.02740396910734,
2016-11-10,'603299,井神股份,18.47,3.5314,1.035314,3.4866462493975945,18.434882062920078,17.796095705102978,16.76057089205407,17.027386710770003,17.051168616595415,
2016-11-11,'603299,井神股份,18.03,-2.3822,0.976178,3.403587362444445,17.995726302417197,17.923855297904318,16.840419177389112,17.035538448552387,17.067456676292288,
2016-11-14,'603299,井神股份,17.92,-0.6101,0.993899,3.3828220759461716,17.88593437624615,17.947811645584505,16.93124632174385,17.046684562377497,17.083327613909674,
2016-11-15,'603299,井神股份,18.66,4.1295,1.041295,3.522515713572369,18.624534036313236,18.149430998933937,17.05051961386524,17.06897621610531,17.115974668485364,
2016-11-16,'603299,井神股份,18.04,-3.3226,0.966774,3.4054766064732136,18.00571526842269,18.189358409263882,17.137354725504633,17.0761299885199,17.14280112914004,
2016-11-17,'603299,井神股份,18.2,0.8869,1.008869,3.4356797784960245,18.16540795713833,18.135463588107534,17.234170679479277,17.08311724867862,17.1685519760385,
2016-11-18,'603299,井神股份,18.91,3.9011,1.039011,3.5697090823349327,18.874058686954253,18.311130065014943,17.36741725891069,17.09759031636362,17.195063671772992,
2016-11-21,'603299,井神股份,20.8,9.9947,1.099947,3.9264907959870623,20.760464230539274,18.886036035873566,17.585003345510565,17.148494049258836,17.242191129809676,
2016-11-22,'603299,井神股份,22.25,6.9712,1.069712,4.200214322356913,22.207717712978628,19.60267277120665,17.86596914015158,17.225015736141756,17.30229176338626,
2016-11-23,'603299,井神股份,22.58,1.4831,1.014831,4.262507700971788,22.53708037437982,20.508945792398073,18.169391480919728,17.314678784828413,17.364224351084033,
2016-11-24,'603299,井神股份,24.84,10.0089,1.100089,4.689137834254354,24.79279421197112,21.834423043364634,18.590091333370665,17.440439803983846,17.44288011076891,
2016-11-25,'603299,井神股份,22.38,-9.9034,0.900966,4.224753757976809,22.337464629982776,22.527104231970334,18.87704599898386,17.522617143355685,17.503481162404363,
2016-11-28,'603299,井神股份,20.57,-8.0876,0.919124,3.883072573046677,20.53089984056829,22.48119135397614,19.08664737198539,17.579675606088163,17.542721282337492,
2016-11-29,'603299,井神股份,19.82,-3.6461,0.963539,3.7414918639608223,19.782322701481334,21.99611235167668,19.245844372531568,17.608121805839314,17.575474325300505,
2016-11-30,'603299,井神股份,19.82,0.0,1.0,3.7414918639608223,19.782322701481334,21.44516081709698,19.412028462271337,17.641891255276455,17.601008386797105,
2016-12-01,'603299,井神股份,19.62,-1.0091,0.989909,3.7037364695615937,19.582699283100684,20.40314183132289,19.5422810419745,17.66551321238675,17.626704411785724,
2016-12-02,'603299,井神股份,18.53,-5.5556,0.944444,3.4979716862586296,18.49476284172874,19.634601473672085,19.599172767140413,17.665347103833156,17.641259803331405,
2016-12-05,'603299,井神股份,18.54,0.054,1.00054,3.499860590969209,18.504750013663273,19.22937150829108,19.636102635931316,17.671003418672477,17.65025598107791,
2016-12-06,'603299,井神股份,18.48,-0.3236,0.996764,3.488535042096833,18.44486864261906,18.961880696518627,19.677524204583968,17.681982957055787,17.664312660229697,
2016-12-07,'603299,井神股份,18.83,1.8939,1.018939,3.554604407259105,18.794196009841624,18.764255358190685,19.7269300942374,17.698119121788103,17.695137646496715,
2016-12-08,'603299,井神股份,19.63,4.2485,1.042485,3.7056217755015086,19.59266742731975,18.766248987034498,19.784819362457384,17.72706401474686,17.73170380495767,
2016-12-09,'603299,井神股份,19.17,-2.3434,0.976566,3.6187842348144064,19.133532858827937,18.894002990454336,19.84170969027792,17.750352962773825,17.761207768984185,
2016-12-12,'603299,井神股份,17.25,-10.0156,0.899844,3.2563412809923347,17.217194741819167,18.636491936085516,19.808272708556572,17.733884531393958,17.775572059228317,
2016-12-13,'603299,井神股份,17.37,0.6957,1.006957,3.278995647284199,17.336974765638004,18.414913160689306,19.74389474502281,17.724402810067282,17.78877704925979,
2016-12-14,'603299,井神股份,17.8,2.4755,1.024755,3.3601671845327195,17.766151575961377,18.209304273913254,19.731916560399746,17.74286783332197,17.79999910542428,
2016-12-15,'603299,井神股份,17.93,0.7303,1.007303,3.384706485481362,17.895897780920624,17.86995034463343,19.71844105158886,17.75933656116837,17.809481098544953,
2016-12-16,'603299,井神股份,18.41,2.6771,1.026771,3.475318462804184,18.374988860413648,17.718241544950573,19.69348756026183,17.787283568267046,17.823121841059734,
2016-12-19,'603299,井神股份,17.88,-2.8789,0.971211,3.3752675195785145,17.845991306111202,17.84400085780898,19.547763914040424,17.80491668035772,17.82594985520184,
2016-12-20,'603299,井神股份,18.73,4.7539,1.047539,3.5357243621917576,18.694371886812423,18.115480282043862,19.372096622732112,17.83768751566573,17.842002600821267,
2016-12-21,'603299,井神股份,20.08,7.2077,1.072077,3.790568767045453,20.0418061292982,18.570611192711226,19.247332910478033,17.892250087904163,17.86262998669774,
2016-12-22,'603299,井神股份,19.72,-1.7928,0.9820720000000001,3.7226114501898624,19.682496629012146,18.927930962329533,18.991818031330084,17.940158756282422,17.881843381584343,
2016-12-23,'603299,井神股份,18.38,-6.7951,0.932049,3.469656279538011,18.34505130057414,18.92194345036163,18.792197364859653,17.965776669186717,17.886750687388137,
2016-12-26,'603299,井神股份,18.17,-1.1425,0.988575,3.430015456544289,18.13545908946508,18.97983700703241,18.67242532730449,18.004536232940623,17.895068228442092,
2016-12-27,'603299,井神股份,18.8,3.4673,1.034673,3.548944382469049,18.7642698624741,18.993816602164745,18.62152268535413,18.05311064357314,17.907960501495744,
2016-12-28,'603299,井神股份,18.22,-3.0851,0.969149,3.4394558993254964,18.185373372946913,18.62253005089449,18.54167521892741,18.09569649940655,17.914032446610026,
2016-12-29,'603299,井神股份,17.56,-3.6224,0.963776,3.3148650488283296,17.526626407885285,18.191356006669118,18.438871575166637,18.127469701020143,17.909042060395812,
2016-12-30,'603299,井神股份,17.41,-0.8542,0.991458,3.286549471581238,17.37691396510913,17.997728539576112,18.382979131335656,18.15458507381377,17.896981866552128,
2017-01-03,'603299,井神股份,17.69,1.6083,1.016083,3.339407046732679,17.65638687240998,17.901914096165093,18.340560974272993,18.174547409696782,17.881262028079675,
2017-01-04,'603299,井神股份,17.01,-3.844,0.96156,3.211040239856275,16.97767536103454,17.54459519587718,18.267201310193766,18.181367959852444,17.86421140050389,
2017-01-05,'603299,井神股份,16.37,-3.7625,0.962375,3.0902248508316825,16.338890325575615,17.17529858640292,18.144436025980465,18.178706578107082,17.848158839584453,
2017-01-06,'603299,井神股份,15.9,-2.8711,0.971289,3.0015014051394537,15.869784445438013,16.843930193913465,17.95829187688638,18.167894043799276,17.818548776765997,
2017-01-09,'603299,井神股份,16.26,2.2642,1.022642,3.0694613999546214,16.22910810485162,16.614369021861965,17.813070639187565,18.165066502284862,17.793596495181117,
2017-01-10,'603299,井神股份,16.05,-1.2915,0.987085,3.0298193059742076,16.019509173677463,16.28699348211546,17.75318636078048,18.164235130360296,17.77030778378463,17.111194532290774
2017-01-11,'603299,井神股份,15.83,-1.3707,0.986293,2.988289572747219,15.799929761433862,16.051444362195323,17.676334110570274,18.156916156486105,17.744357501537436,17.153245123212482
2017-01-12,'603299,井神股份,15.62,-1.3266,0.986734,2.948646923275154,15.590327893218682,15.901731875723936,17.567542926433138,18.14560473744584,17.707178651854125,17.192346369885005
2017-01-13,'603299,井神股份,15.07,-3.5211,0.964789,2.8448221164597127,15.041376857770558,15.736050358190445,17.424816880275635,18.12580953711459,17.66975038128051,17.226941739070167
2017-01-16,'603299,井神股份,13.89,-7.8301,0.921699,2.622069699918801,13.863622008430266,15.262953138906175,17.199248537676464,18.086717785616326,17.623755142603137,17.254277052916503
2017-01-17,'603299,井神股份,14.17,2.0158,1.020158,2.6749253809297637,14.143084900876202,14.887668284345924,17.014103217414714,18.04895682565523,17.585162436395795,17.27990235734212
2017-01-18,'603299,井神股份,13.79,-2.6817,0.973183,2.6031919069893705,13.763809793089406,14.480444290677033,16.767575112728565,18.001880291870748,17.55047900228758,17.300903912263223
2017-01-19,'603299,井神股份,13.69,-0.7252,0.992748,2.5843135592798836,13.663994644469922,14.09517764092728,16.44868453848715,17.955136309961635,17.513466670383018,17.31808091675944
2017-01-20,'603299,井神股份,13.87,1.3148,1.013148,2.6182921139572954,13.843648846055412,13.855632038584252,16.156742149339316,17.91288383801335,17.476537419268656,17.33223261342508
2017-01-23,'603299,井神股份,14.01,1.0094,1.010094,2.6447211545555804,13.983386637507495,13.879584964399697,15.938658916185986,17.86930076000983,17.451668604119458,17.34280106072459
2017-01-24,'603299,井神股份,13.61,-2.8551,0.971449,2.569211720871864,13.58414696562002,13.767797377348462,15.711093309993732,17.8233886697612,17.42305694301834,17.347232047282763
2017-01-25,'603299,井神股份,13.61,0.0,1.0,2.569211720871864,13.58414696562002,13.731864811854583,15.452087165151024,17.773151407678903,17.388623012077215,17.34668440114922
2017-01-26,'603299,井神股份,13.6,-0.0735,0.999265,2.5673233502570234,13.574162617600289,13.713898406480657,15.221526627383692,17.725076769527472,17.359512277635996,17.340600436010064
2017-02-03,'603299,井神股份,13.73,0.9559,1.009559,2.5918643941621307,13.703918038061932,13.68595224488196,15.030391208892528,17.67051460867788,17.32981933083214,17.32898149050928
2017-02-06,'603299,井神股份,14.17,3.2047,1.032047,2.674925872401844,14.1430874994277,13.717892417266,14.868699885608455,17.61695059469484,17.30195625162107,17.312467788934537
2017-02-07,'603299,井神股份,14.3,0.9174,1.009174,2.6994656423552588,14.272836184147453,13.855630260971486,14.69952235119533,17.55872865379988,17.27583977874837,17.29312742191584
2017-02-08,'603299,井神股份,14.84,3.7762,1.037762,2.8014028639418784,14.81180702413323,14.101162272674127,14.591228934350264,17.511984816375996,17.25604462075136,17.28064272421292
2017-02-09,'603299,井神股份,14.69,-1.0108,0.989892,2.773086283793154,14.66208927873329,14.318747604900727,14.507388882008147,17.459585000742,17.23491860005688,17.26652363344756
2017-02-10,'603299,井神股份,14.47,-1.4976,0.985024,2.7315565436070677,14.44250982969498,14.46646596322734,14.436025151220994,17.39304546352158,17.210216087145785,17.258814903535526
2017-02-13,'603299,井神股份,14.52,0.3455,1.003455,2.74099407146523,14.492408701156577,14.536330203573112,14.349190181036244,17.334656836833908,17.185097642693133,17.257797858121037
2017-02-14,'603299,井神股份,14.36,-1.1019,0.988981,2.7107910577917544,14.332716849678532,14.548306336679328,14.264850564836298,17.27543654472445,17.161060553550957,17.262036702228297
2017-02-15,'603299,井神股份,14.15,-1.4624,0.985376,2.671148449362608,14.123115198468835,14.41056797154645,14.181009836688045,17.200412897427043,17.13469455676616,17.260139883106802
2017-02-16,'603299,井神股份,14.16,0.0707,1.000707,2.6730369513163077,14.133100240914153,14.30477016398262,14.108148454072818,17.135869313635236,17.10599965107755,17.25605259205161
2017-02-17,'603299,井神股份,14.04,-0.8475,0.991525,2.650382963153902,14.013322216372405,14.218932641318105,14.05674572200291,17.066667884622472,17.074892566650526,17.24909643939948
2017-02-20,'603299,井神股份,14.04,0.0,1.0,2.650382963153902,14.013322216372405,14.12311534436127,14.064230732400016,16.985655610112776,17.041622963238176,17.2404674490845
2017-02-21,'603299,井神股份,14.24,1.4245,1.014245,2.6881376684640297,14.212941991344632,14.09916037269449,14.067723586923439,16.87653023945953,17.01251214435916,17.22618462179204
2017-02-22,'603299,井神股份,14.34,0.7022,1.007022,2.7070137711719844,14.312745270007856,14.137086387002293,14.095170360769359,16.74494736541002,16.984981550775863,17.2156466098984
2017-02-23,'603299,井神股份,14.46,0.8368,1.008368,2.7296660624091516,14.43251432242728,14.196969203304917,14.133596344667225,16.609871264544143,16.962275024686253,17.208096883789352
2017-02-24,'603299,井神股份,14.62,1.1065,1.011065,2.759869817389709,14.59221009340494,14.312746778711425,14.171024407034702,16.439861529234708,16.94015066660925,17.199194515691858
2017-02-27,'603299,井神股份,14.31,-2.1204,0.978796,2.7013495377817773,14.28279687058438,14.366641709553821,14.185994918688545,16.30561706657807,16.91411710496685,17.18232340485467
2017-02-28,'603299,井神股份,14.25,-0.4193,0.995807,2.6900227791698583,14.222909103306021,14.368635131946098,14.217933025572844,16.200483887623697,16.8900797468559,17.159955323666555
2017-03-01,'603299,井神股份,14.25,0.0,1.0,2.6900227791698583,14.222909103306021,14.350667898605732,14.249871132457145,16.107826994320778,16.857974400080018,17.142008270266526
2017-03-02,'603299,井神股份,14.06,-1.3333,0.986667,2.6541567054551867,14.033275056231641,14.270820045366605,14.272826754388712,16.012009533566616,16.826950394421505,17.121669700466477
2017-03-03,'603299,井神股份,13.91,-1.0669,0.989331,2.625839507564685,13.883554044656703,14.129088835616958,14.281808554718449,15.917023779592547,16.79126849598962,17.09308507961763
2017-03-06,'603299,井神股份,14.14,1.6535,1.016535,2.6692577638222668,14.1131186107851,14.0951531836571,14.280310110286319,15.843996375743489,16.754671739788293,17.064184020743408
2017-03-07,'603299,井神股份,14.39,1.768,1.01768,2.716450241086644,14.36263854782378,14.123099072560652,14.284800228470136,15.774961184646163,16.72298230165929,17.04480444545441
2017-03-08,'603299,井神股份,14.36,-0.2085,0.997915,2.7107864423339785,14.332692446451569,14.145055741189761,14.260844499586051,15.706424914710036,16.694203935882886,17.027933828640094
2017-03-09,'603299,井神股份,14.14,-1.532,0.98468,2.669257194037422,14.113115598171932,14.16102384957782,14.233395815557984,15.628406907848875,16.66326301481846,17.017593096669426
2017-03-10,'603299,井神股份,14.05,-0.6365,0.993635,2.652267371997374,14.023285617389567,14.18897016412439,14.212434604942711,15.535583877683372,16.631323946215087,17.000201769357503
2017-03-13,'603299,井神股份,14.15,0.7117,1.007117,2.6711435588838794,14.123089341128528,14.190964310193078,14.19396863694131,15.452076485721715,16.60121472424774,16.980302170409164
2017-03-14,'603299,井神股份,14.27,0.8481,1.008481,2.6937975274067734,14.242867261830638,14.167010052994451,14.189476157548913,15.40250436105524,16.56819444622457,16.96124011420265
2017-03-15,'603299,井神股份,15.7,10.021,1.10021,2.963742977628206,15.670144990138684,14.434500561731872,14.266827647132406,15.374723864796918,16.549563337432073,16.954339449895937
2017-03-16,'603299,井神股份,15.99,1.8471,1.018471,3.018486274167976,15.959588238251536,14.803795089747794,14.358152046999274,15.344614475835085,16.543741154578502,16.948357616588858
2017-03-17,'603299,井神股份,15.51,-3.0019,0.969981,2.9278743347037275,15.480497358927463,15.095237438055374,14.431510804127026,15.304357802135199,16.53184718165176,16.940100962928224
2017-03-20,'603299,井神股份,15.56,0.3224,1.003224,2.937313801558812,15.53040648241264,15.376700866312197,14.507365017429038,15.256948095835183,16.522115832051085,16.934473530385528
2017-03-21,'603299,井神股份,15.4,-1.0283,0.989717,2.9071094037373824,15.370707312553991,15.602268876456867,14.565253283489506,15.215693362609231,16.510305021483447,16.930716523042037
2017-03-22,'603299,井神股份,15.43,0.1948,1.001948,2.912772452855863,15.400649450398848,15.5483697685089,14.619648492509057,15.160797988669005,16.49924275216734,16.927437777152008
2017-03-23,'603299,井神股份,15.21,-1.4258,0.985742,2.871242143223044,15.181066990535061,15.392665518965604,14.657076125914447,15.07978566968962,16.48601787879686,16.920930764035358
2017-03-24,'603299,井神股份,14.94,-1.7751,0.982249,2.820274723938692,14.911587870386075,15.278883621257325,14.673045014763503,15.00027052371252,16.47021463999744,16.915655901255978
2017-03-27,'603299,井神股份,15.12,1.2048,1.012048,2.8542533938127055,15.091242681048486,15.191050860984493,14.713467305286708,14.946040380053757,16.455908524620206,16.912135216007922
2017-03-28,'603299,井神股份,14.96,-1.0582,0.989418,2.8240496843993794,14.93154715099763,15.10321882867322,14.74889920767129,14.892641847745969,16.448589040343265,16.905864838795026
2017-03-29,'603299,井神股份,14.5,-3.0749,0.969251,2.737212980653783,14.472417007651606,14.917572340123773,14.76137460288857,14.821110966832261,16.437110805202668,16.89548765914465
2017-03-30,'603299,井神股份,13.6,-6.2069,0.937931,2.5673169081575833,13.574128556403679,14.596184653297495,14.73841727789717,14.74425688655654,16.41997669298151,16.879047909008115
2017-03-31,'603299,井神股份,13.72,0.8824,1.008824,2.5899709125551658,13.693906666785384,14.352648412577357,14.728934909003604,14.680378224204876,16.403923962612474,16.86472028871217
2017-04-05,'603299,井神股份,13.97,1.8222,1.018222,2.6371653625237457,13.943437034067545,14.12308728318117,14.720450830167726,14.623153608687517,16.388869341250608,16.849678135012624
2017-04-06,'603299,井神股份,13.94,-0.2147,0.997853,2.631503368490407,13.9135004747554,13.919477947932723,14.697993926514306,14.560772168726608,16.367659789211658,16.83770252576303
2017-04-07,'603299,井神股份,13.82,-0.8608,0.991392,2.608851387494442,13.793733062668709,13.783741158936143,14.671045957325163,14.507706463753843,16.34453721180311,16.826562228357766
2017-04-10,'603299,井神股份,13.45,-2.6773,0.973227,2.539004609297053,13.424433447381878,13.753802137131782,14.63661184978566,14.459132182450615,16.318919380278814,16.814820955620792
2017-04-11,'603299,井神股份,13.56,0.8178,1.008178,2.5597685889918846,13.534218464114568,13.721864496597622,14.612158492121912,14.420206082761892,16.294050063280547,16.8043154119772
2017-04-12,'603299,井神股份,13.56,0.0,1.0,2.5597685889918846,13.534218464114568,13.640020782607028,14.582714948271214,14.375291255416274,16.270178878850533,16.79157944636019
2017-04-13,'603299,井神股份,13.51,-0.3687,0.996313,2.5503307222042717,13.48431780063738,13.554184247783425,14.544787475211553,14.333038065865606,16.248636598112917,16.778564232537455
2017-04-14,'603299,井神股份,13.33,-1.3323,0.986677,2.5163526659923443,13.304666234579487,13.456370882165581,14.426513537433593,14.291450340418034,16.224183248452036,16.758139114144576
2017-04-17,'603299,井神股份,13.5,1.2753,1.012753,2.548443711541745,13.474340643069082,13.466352321303024,14.30225115767447,14.256183886248873,16.20089431184732,16.735206347812262
2017-04-18,'603299,井神股份,13.3,-1.4815,0.985185,2.510688517955254,13.274718286442011,13.41445228576851,14.1919622040502,14.226739576726732,16.176274556920628,16.71346652899465
2017-04-19,'603299,井神股份,12.79,-3.8346,0.961654,2.414413656045742,12.765685939030108,13.260745780751616,14.053726176881074,14.208440642236729,16.147579213926495,16.69132356104603
2017-04-20,'603299,井神股份,12.43,-2.8147,0.971853,2.3464551548690222,12.406370176904225,13.045156256004983,13.905509320098584,14.179495396837199,16.11422611124618,16.668539881397965
2017-04-21,'603299,井神股份,12.34,-0.7241,0.992759,2.3294644730926155,12.316535650453263,12.847530139179739,13.751303630101305,14.155374161126595,16.078627226498636,16.645157913414923
2017-04-24,'603299,井神股份,12.24,-0.8104,0.991896,2.310586493002673,12.216722445541992,12.59600649967432,13.603086402851654,14.131252957811132,16.043194633886348,16.61982333071171
2017-04-25,'603299,井神股份,12.05,-1.5523,0.984477,2.2747192588717926,12.027082263019842,12.346479294989887,13.458861122483341,14.10097684809387,16.006930343053575,16.59373018727841
2017-04-26,'603299,井神股份,11.98,-0.5809,0.994191,2.2615054146970066,11.957216942153961,12.184785495614658,13.302159835538614,14.067207353171312,15.968254056590535,16.56301620280947
2017-04-27,'603299,井神股份,11.88,-0.8347,0.991653,2.2426286290005306,11.857410052337801,12.074993470701374,13.148452980605622,14.03842840461661,15.930908537188872,16.53536814433628
2017-04-28,'603299,井神股份,11.96,0.6734,1.006734,2.2577304901882203,11.937257851630244,11.99913791093677,13.021695022804556,14.01098025271678,15.892065830197806,16.50529125789999
2017-05-02,'603299,井神股份,12.2,2.0067,1.020067,2.3030363679348276,12.176802804938909,11.991153982816154,12.951828735231317,13.987690922505756,15.85638384601658,16.473623518989825
2017-05-03,'603299,井神股份,12.1,-0.8197,0.991803,2.2841583788268656,12.076989552346825,12.001135440681553,12.87098287950939,13.960575447743839,15.815545028210826,16.44828760764287
2017-05-04,'603299,井神股份,11.98,-0.9917,0.990083,2.2615063801840396,11.957222046956202,12.001136461642,12.77167213015382,13.924144356869313,15.770547475782042,16.426694482028285
2017-05-05,'603299,井神股份,11.73,-2.0868,0.979132,2.214313265042359,11.70769873728032,11.971194198630505,12.661382043280067,13.881392066088194,15.720060359944,16.402749047951747
2017-05-08,'603299,井神股份,11.34,-3.3248,0.9667520000000001,2.140691777606231,11.318441169663224,11.8474308622371,12.537617448629792,13.823169301847027,15.667577059111474,16.378083017079366
2017-05-09,'603299,井神股份,11.5,1.4109,1.014109,2.170894797896477,11.478133056126001,11.70769691247452,12.440302429066998,13.770103364803571,15.61484418277275,16.35568877803916
2017-05-10,'603299,井神股份,11.56,0.5217,1.005217,2.182220356057103,11.53801447627981,11.599901897261116,12.34049222967526,13.72169510891332,15.557370286217415,16.33353406467957
2017-05-11,'603299,井神股份,11.3,-2.2491,0.977509,2.1331400380290226,11.2785129926938,11.464160086408635,12.227706956104221,13.66813018043894,15.501393508636388,16.310739642168876
2017-05-12,'603299,井神股份,11.22,-0.708,0.99292,2.118037406559777,11.198661120705529,11.362352563093676,12.113424122107629,13.615895918289391,15.445666231506884,16.28563432824759
2017-05-15,'603299,井神股份,11.51,2.5847,1.025847,2.1727823194071276,11.488112914692406,11.39628691209951,12.022596456113275,13.571979213559784,15.386196055493377,16.261607135549667
2017-05-16,'603299,井神股份,11.65,1.2163,1.012163,2.1992098707580765,11.62784283207381,11.426228867289073,11.930271565563512,13.530224923412446,15.333047118523805,16.23710330374408
2017-05-17,'603299,井神股份,11.56,-0.7725,0.992275,2.1822209745064702,11.538017746196038,11.426229521272315,11.843436538551213,13.488969848909505,15.277818866765953,16.207301348277838
2017-05-18,'603299,井神股份,11.45,-0.9516,0.990484,2.161454959713067,11.428221969323237,11.456171316598203,11.77656334006587,13.445884844792017,15.215770227452362,16.184667537131357
2017-05-19,'603299,井神股份,11.54,0.786,1.00786,2.1784439956964112,11.518047794002117,11.520048651257522,11.732147220920764,13.400969941502975,15.138750090481217,16.163229456186244
2017-05-22,'603299,井神股份,11.19,-3.0329,0.969671,2.1123739677509348,11.168716922457827,11.456169452810604,11.674756284520992,13.348569469043808,15.046758417226878,16.142584625064742
2017-05-23,'603299,井神股份,10.38,-7.2386,0.9276139999999999,1.9594676657213155,10.360258179308794,11.202652522257603,11.581933071209333,13.280698533325165,14.94528489893462,16.1208567406934
2017-05-24,'603299,井神股份,10.43,0.4817,1.004817,1.9689064214670953,10.410163542958525,10.9770816816101,11.501087135206266,13.210997757484392,14.825429643359515,16.10016489740783
2017-05-25,'603299,井神股份,10.52,0.8629,1.008629,1.9858961149779348,10.499992844170713,10.791435856579595,11.428225930307104,13.14795102371083,14.726784045144415,16.078000232229343
2017-05-26,'603299,井神股份,10.49,-0.2852,0.997148,1.980232339258018,10.470046864579139,10.581835670695,11.35885777091917,13.085403319732048,14.642943603677839,16.055954732239023
2017-11-15,'603299,井神股份,11.52,10.0287,1.100287,2.1788238998651868,11.520056454487188,10.652103577100872,11.337997701062019,13.040355775585066,14.574091384952887,16.04320740810805
2017-11-16,'603299,井神股份,12.21,5.9896,1.059896,2.3093267361715117,12.210061755885151,11.022064292416145,11.33966064860933,13.009968887245957,14.510989210406253,16.032901495172144
2017-11-17,'603299,井神股份,11.61,-4.914,0.95086,2.1958464203560437,11.610059321200955,11.262043448064631,11.316314137052037,12.972077308521698,14.444550544057087,16.019040507139653
2017-11-20,'603299,井神股份,11.34,-2.3256,0.976744,2.1447798160042435,11.340055781627106,11.430056035555909,11.285455823785584,12.925859594702397,14.384927985222907,16.001630109470902
2017-11-21,'603299,井神股份,11.14,-1.7637,0.982363,2.106952334389377,11.140051217806548,11.56405690620139,11.257073447811896,12.872149805868778,14.323555495257436,15.98576963727758
2017-11-22,'603299,井神股份,12.25,9.9641,1.099641,2.3168911719402687,12.25005706120001,11.710057027543957,11.303654242388735,12.837439216114584,14.271932065412278,15.974787298787225
2017-11-23,'603299,井神股份,11.77,-3.9184,0.960816,2.226106108258961,11.770050825313948,11.622054841429716,11.318250130848131,12.798388136566953,14.213397522207881,15.961446822685891
2017-11-24,'603299,井神股份,12.06,2.4639,1.024639,2.2809551366603538,12.06005310759886,11.712053598709296,11.344352062414085,12.765667594737106,14.150625736210205,15.948270622917143
2017-11-27,'603299,井神股份,11.87,-1.5755,0.984245,2.24501868848227,11.870046970888641,11.818051836561605,11.373928761323826,12.728116888566442,14.090096687144044,15.935489457065785
2017-11-28,'603299,井神股份,12.16,2.4431,1.024431,2.2998667400605806,12.160044088434422,12.02205041068718,11.42199790971027,12.693403169009839,14.047953765032505,15.92084129162515
2017-11-29,'603299,井神股份,11.78,-3.125,0.96875,2.2279959044336874,11.780042710670848,11.92804754058135,11.436594399509193,12.628568131018708,14.00164599790778,15.904553632284154
2017-11-30,'603299,井神股份,11.52,-2.2071,0.977929,2.1788218068269316,11.52004538800363,11.878046453119287,11.431204527305685,12.554575750181243,13.949595113008131,15.883760872548612
2017-12-01,'603299,井神股份,11.06,-3.9931,0.960069,2.0918192732585252,11.060038455615256,11.678043522722566,11.407305562776646,12.480901435126041,13.892629618630586,15.862004321233206
2017-12-04,'603299,井神股份,10.77,-2.6221,0.973779,2.0369696800944133,10.770033187270569,11.458040765998954,11.374396123674012,12.401561880207005,13.829254988021061,15.8380919905573
2017-12-05,'603299,井神股份,10.6,-1.5785,0.984215,2.004816113694123,10.600028213409503,11.14603759099397,11.328495144644382,12.322050561887929,13.768871962248546,15.810791268674608
2017-12-06,'603299,井神股份,10.7,0.9434,1.009434,2.023729548910713,10.700028879574807,10.930034824774761,11.30506074250023,12.243706885707528,13.702252437188234,15.78655911561529
2017-12-07,'603299,井神股份,10.91,1.9626,1.019626,2.0634472650376345,10.91002764636534,10.808031276447103,11.332549215853057,12.172522896638034,13.626154283163793,15.769818435569555
2017-12-08,'603299,井神股份,10.85,-0.55,0.9945,2.0520983050799275,10.850022494310332,10.766028084186118,11.354542163420648,12.104830140370105,13.552550332041276,15.752399611898777
2017-12-11,'603299,井神股份,10.78,-0.6452,0.993548,2.038858166815552,10.78001814917704,10.768025076567412,11.368543428670964,12.032976398172249,13.489508389112967,15.7331474557929
2017-12-12,'603299,井神股份,10.42,-3.3395,0.966605,1.9707704983347467,10.420019443085275,10.732023322502567,11.366042057596271,11.957784269707043,13.425213058726468,15.712853613915149
2017-12-13,'603299,井神股份,10.5,0.7678,1.007678,1.985902074220961,10.500024352369284,10.692022417061462,11.315040452490376,11.891577725452338,13.356344346142263,15.69184420747718
2017-12-14,'603299,井神股份,10.25,-2.381,0.97619,1.93861774583376,10.250018772539372,10.56002064229627,11.217038303323084,11.836175895721265,13.290216391138866,15.667166263222448
2017-12-15,'603299,井神股份,10.27,0.1951,1.001951,1.9423999890558816,10.270016559164596,10.44401945526712,11.150036165221266,11.779111060594252,13.229744642399528,15.641214095033346
2017-12-18,'603299,井神股份,10.15,-1.1685,0.988315,1.9197030451837638,10.150011415670757,10.318018108565866,11.090533946923447,11.715887300287639,13.169520454487541,15.61486174166147
2017-12-19,'603299,井神股份,10.26,1.0837,1.010837,1.94050686708442,10.260007089382382,10.286015637825288,11.046531740502239,11.654995743864754,13.107883956295643,15.585875251582765
2017-12-20,'603299,井神股份,10.12,-1.3645,0.986355,1.914028650883053,10.120009292647758,10.210012625880983,10.940029352074626,11.593767014364404,13.050736739059088,15.559283119103432
2017-12-21,'603299,井神股份,10.01,-1.087,0.98913,1.8932231594479543,10.010004791636677,10.162009829700445,10.852027050390763,11.536859870101985,12.997996026276263,15.529057058973493
2017-12-22,'603299,井神股份,9.65,-3.5964,0.964036,1.825135281741568,9.650004979310255,10.038007513729577,10.731524643976332,11.47212297868858,12.9461645307252,15.498149521920253
2017-12-25,'603299,井神股份,9.2,-4.6632,0.953368,1.7400255732833951,9.20000594711506,9.848006420018436,10.598022592787654,11.399886103405255,12.887588679410728,15.463924847292239
2017-12-26,'603299,井神股份,9.49,3.1522,1.031522,1.7948746594044345,9.49000853458002,9.694006709057962,10.464520815094932,11.333314282304297,12.833176174084915,15.433335464778596
2017-12-27,'603299,井神股份,9.41,-0.843,0.99157,1.779743866025655,9.41000776263351,9.552006403055113,10.346019067693067,11.268403307771866,12.779926824094913,15.402106707444988
2017-12-28,'603299,井神股份,9.42,0.1063,1.001063,1.7816357337552404,9.420010600885192,9.434007564904817,10.241017328337144,11.200831140402133,12.728507513325468,15.369959790011597
2017-12-29,'603299,井神股份,9.53,1.1677,1.011677,1.8024398942183002,9.530008064671726,9.410008181977112,10.164515808789968,11.138419303372627,12.682579440049643,15.33557793125592
2018-01-02,'603299,井神股份,9.76,2.4134,1.024134,1.8459399786253647,9.760005279304515,9.522008048415003,10.114014413391665,11.088324625710534,12.648382633973597,15.299321403467731
2018-01-03,'603299,井神股份,9.8,0.4098,1.004098,1.8535046406577713,9.800001780939104,9.58400669768682,10.074013091768146,11.044885152444447,12.612190274640788,15.26035034063507
2018-01-04,'603299,井神股份,9.87,0.7143,1.007143,1.8667442243059895,9.87000319366035,9.676005783892188,10.032511807472423,11.0041096114979,12.579741886312211,15.223735350729198
2018-01-05,'603299,井神股份,10.69,8.308,1.08308,2.021833334461331,10.690003058989653,9.930004275513081,10.021510578103639,10.978664288388693,12.554958623099877,15.193434572421523
2018-01-08,'603299,井神股份,10.28,-3.8354,0.961646,1.9442879387514012,10.279998681665163,10.080002398911768,9.99300938747138,10.949546228699448,12.525261538396624,15.156862599213573
2018-01-09,'603299,井神股份,10.18,-0.9728,0.990272,1.9253739056832275,10.179994854489925,10.16400031394885,9.963008222737026,10.919925860571713,12.493566606871477,15.120689051051384
2018-01-10,'603299,井神股份,10.22,0.3929,1.003929,1.932938699758657,10.219992054273217,10.247998368615672,9.953006853296422,10.892635560603969,12.465531982610255,15.086312401103454
2018-01-11,'603299,井神股份,10.2,-0.1957,0.998043,1.9291559387232293,10.199991529823004,10.313996035848202,9.938005212169108,10.863681121907183,12.437330687311945,15.051456512698358
2018-01-12,'603299,井神股份,10.01,-1.8627,0.981373,1.8932215510526318,10.00999628759699,10.17799468156967,9.92600408792199,10.827567679951484,12.407629301228585,15.011289338427881
2018-01-15,'603299,井神股份,11.01,9.99,1.0999,2.08235438400279,11.009994916727932,10.323993928582224,9.963003005800157,10.809784436024502,12.385179941884136,14.977198240788377
2018-01-16,'603299,井神股份,11.59,5.2679,1.052679,2.192050730597673,11.589990438946243,10.605993045473488,10.035001956963931,10.803663909224335,12.36390413304679,14.946025999945299
2018-01-17,'603299,井神股份,11.22,-3.1924,0.968076,2.1220717030740732,11.219991584173323,10.80599295145351,10.083001181703478,10.795535456672551,12.338463761380337,14.915809127698964
2018-01-18,'603299,井神股份,11.6,3.3868,1.033868,2.1939420275137858,11.599990259146104,11.08599269731813,10.157000230028396,10.800227941497267,12.311698621672113,14.890505801191248
2018-01-19,'603299,井神股份,11.18,-3.6207,0.963793,2.114505968523594,11.179989411833203,11.31999132216537,10.215499461038222,10.795258880759054,12.282681122781279,14.862803860946512
2018-01-22,'603299,井神股份,11.23,0.4472,1.004472,2.1239620392148315,11.229986324482919,11.363989603716368,10.294498528296854,10.790125078229103,12.25591009357118,14.83462317032533
2018-01-23,'603299,井神股份,11.05,-1.6028,0.983972,2.089919175650296,11.049992103674107,11.255989936661939,10.386997836124806,10.786316396745441,12.22722328859216,14.81095256091838
2018-01-24,'603299,井神股份,11.0,-0.4525,0.995475,2.0804622913804787,10.999990889404982,11.211989797708272,10.462496953866054,10.783005226223766,12.199450572256547,14.786882339284983
2018-01-25,'603299,井神股份,10.99,-0.0909,0.999091,2.0785711511576137,10.989991897686512,11.089990125416353,10.541496160618703,10.77470320927367,12.173341211416693,14.759977432161508
2018-01-26,'603299,井神股份,11.34,3.1847,1.031847,2.1447674066085303,11.339990169652134,11.121990276980139,10.637495139057052,10.769905664899973,12.150065294156175,14.737067589837931
2018-01-29,'603299,井神股份,11.36,0.1764,1.001764,2.148550776313788,11.359993912311403,11.147991794545835,10.728994431439036,10.766938601001897,12.127954224955666,14.713439278869076
2018-01-30,'603299,井神股份,11.02,-2.993,0.97007,2.0842446515787163,11.019989294515923,11.141991232714197,10.791993632199604,10.760134723088441,12.103009783940195,14.687572608028118
2018-01-31,'603299,井神股份,10.99,-0.2722,0.997278,2.078571337637119,10.98999288365625,11.13999163156445,10.85149318733546,10.75133380791601,12.076151874709458,14.661905327847256
2018-02-01,'603299,井神股份,10.05,-8.5532,0.9144680000000001,1.900786973986341,10.049996812331363,10.95199261449342,10.860492868269011,10.732688472747236,12.040628970895487,14.633356411161484
2018-02-02,'603299,井神股份,9.95,-0.995,0.99005,1.881874143595177,9.949999344048667,10.673994449372726,10.823492682521962,10.725850825492902,12.003274679408998,14.604367561489397
2018-02-05,'603299,井神股份,10.1,1.5075,1.015075,1.9102433963098742,10.0999955841602,10.421994783742486,10.814492527646715,10.720681359512929,11.965839558498626,14.57514029830993
2018-02-06,'603299,井神股份,9.39,-7.0297,0.929703,1.775959016279479,9.38999619458049,10.095996163755398,10.774992594651241,10.702181415353092,11.925066219531926,14.542673794946355
2018-02-07,'603299,井神股份,9.5,1.1715,1.011715,1.7967643761551928,9.5,9.797997587024149,10.738992991937582,10.686013967610107,11.885708643671045,14.511805124759396
