日期,股票代码,名称,收盘价,涨跌幅,变动率,累计变动率,前复权,week,month,quarter,half-year,year,wm,wq,wh,wy,mq,mh,my,qh,qy,hy,wmq,wmqh,wmqhy,mqh,mqhy,qhy
2017-12-01,'300729,N乐歌,23.13,44.0224,1.0,1.0,22.784194248646354,,,,,,0,0,0,0,0,0,0,0,0,0,0,0,0,0,0,0
2017-12-04,'300729,乐歌股份,25.44,9.987,1.09987,1.09987,25.059651728258665,,,,,,0,0,0,0,0,0,0,0,0,0,0,0,0,0,0,0
2017-12-05,'300729,乐歌股份,27.98,9.9843,1.099843,1.2096843204099998,27.561682535763197,,,,,,0,0,0,0,0,0,0,0,0,0,0,0,0,0,0,0
2017-12-06,'300729,乐歌股份,30.78,10.0071,1.100071,1.330738640037749,30.31980766879955,,,,,,0,0,0,0,0,0,0,0,0,0,0,0,0,0,0,0
2017-12-07,'300729,乐歌股份,33.86,10.0065,1.100065,1.4638990020531264,33.35375922317798,27.815819080929153,,,,,0,0,0,0,0,0,0,0,0,0,0,0,0,0,0,0
2017-12-08,'300729,乐歌股份,37.25,10.0118,1.100118,1.6104616423406812,36.69307088908411,30.597594409016704,,,,,0,0,0,0,0,0,0,0,0,0,0,0,0,0,0,0
2017-12-11,'300729,乐歌股份,40.98,10.0134,1.100134,1.771723608434823,40.36729484949166,33.6591230332633,,,,,0,0,0,0,0,0,0,0,0,0,0,0,0,0,0,0
2017-12-12,'300729,乐歌股份,36.88,-10.0049,0.899951,1.5944644331345272,36.32858736709487,35.41250399952964,,,,,0,0,0,0,0,0,0,0,0,0,0,0,0,0,0,0
2017-12-13,'300729,乐歌股份,34.68,-5.9653,0.940347,1.4993498463047534,34.16147814488556,36.180838094746846,,,,,0,0,0,0,0,0,0,0,0,0,0,0,0,0,0,0
2017-12-14,'300729,乐歌股份,35.23,1.5859,1.015859,1.5231280355173007,34.703245026785304,36.45073525546831,,,,,0,0,0,0,0,0,0,0,0,0,0,0,0,0,0,0
2017-12-15,'300729,乐歌股份,33.09,-6.0744,0.939256,1.4306071461278378,32.59523111087826,35.63116729982714,,,,,0,0,0,0,0,0,0,0,0,0,0,0,0,0,0,0
2017-12-18,'300729,乐歌股份,31.63,-4.4122,0.955878,1.3674858976263853,31.15706432380409,33.78912119468963,,,,,0,0,0,0,0,0,0,0,0,0,0,0,0,0,0,0
2017-12-19,'300729,乐歌股份,31.59,-0.1265,0.998735,1.365756027965888,31.11765063743448,32.74693384875754,,,,,0,0,0,0,0,0,0,0,0,0,0,0,0,0,0,0
2017-12-20,'300729,乐歌股份,30.33,-3.9886,0.960114,1.3112814830344406,29.876492024109766,31.889936624602388,,,,,0,0,0,0,0,0,0,0,0,0,0,0,0,0,0,0
2017-12-21,'300729,乐歌股份,30.06,-0.8902,0.991098,1.299608455272468,29.610531492111143,30.871393917667554,,,,,0,0,0,0,0,0,0,0,0,0,0,0,0,0,0,0
2017-12-22,'300729,乐歌股份,30.13,0.2329,1.002329,1.3026352433647976,29.67949441995627,30.288246579483154,,,,,0,0,0,0,0,0,0,0,0,0,0,0,0,0,0,0
2017-12-25,'300729,乐歌股份,31.15,3.3853,1.033853,1.346733354258426,30.684234344555048,30.193680583633345,,,,,0,0,0,0,0,0,0,0,0,0,0,0,0,0,0,0
2017-12-26,'300729,乐歌股份,32.05,2.8892,1.028892,1.3856431743296604,31.57076324323793,30.284303104794038,,,,,0,0,0,0,0,0,0,0,0,0,0,0,0,0,0,0
2017-12-27,'300729,乐歌股份,33.09,3.2449,1.032449,1.4306059096934836,32.59520293971776,30.828045287915632,,,,,0,0,0,0,0,0,0,0,0,0,0,0,0,0,0,0
2017-12-28,'300729,乐歌股份,35.05,5.9232,1.059232,1.515343558936448,34.52588200024312,31.811115389542028,31.737265910901755,,,,1,0,0,0,0,0,0,0,0,0,0,0,0,0,0,0
2017-12-29,'300729,乐歌股份,32.08,-8.4736,0.915264,1.386939407126409,31.60029686307052,32.19527587816488,32.178071041622964,,,,1,0,0,0,0,0,0,0,0,0,0,0,0,0,0,0
2018-01-02,'300729,乐歌股份,35.29,10.0062,1.100062,1.5257193380822918,34.76228576778308,33.01088616281048,32.66320274359918,,,,1,0,0,0,0,0,0,0,0,0,0,0,0,0,0,0
2018-01-03,'300729,乐歌股份,34.32,-2.7487,0.972513,1.4837818906364237,33.80677481888402,33.458088477939704,32.97545735775522,,,,1,0,0,0,0,0,0,0,0,0,0,0,0,0,0,0
2018-01-04,'300729,乐歌股份,34.15,-0.4953,0.995047,1.4764327189321016,33.63932986320609,33.66691386263737,33.14143346747555,,,,1,0,0,0,0,0,0,0,0,0,0,0,0,0,0,0
2018-01-05,'300729,乐歌股份,32.77,-4.041,0.9595899999999999,1.4167700727600552,32.279964543433934,33.21773037127553,33.087743733488345,,,,1,0,0,0,0,0,0,0,0,0,0,0,0,0,0,0
2018-01-08,'300729,乐歌股份,33.55,2.3802,1.023802,1.45049203403189,33.04829225949674,33.507329450560775,32.90550480200898,,,,1,0,0,0,0,0,0,0,0,0,0,0,0,0,0,0
2018-01-09,'300729,乐歌股份,34.3,2.2355,1.022355,1.4829177834526728,33.78708683295779,33.31228966359571,32.57649440118229,,,,1,0,0,0,0,0,0,0,0,0,0,0,0,0,0,0
2018-01-10,'300729,乐歌股份,32.72,-4.6064,0.953936,1.414608658675709,32.23071846508442,32.997078392835796,32.371600956081764,,,,1,0,0,0,0,0,0,0,0,0,0,0,0,0,0,0
2018-01-11,'300729,乐歌股份,32.61,-0.3362,0.996638,1.4098527443652413,32.12235878960482,32.69368417811554,32.26964498831773,,,,1,0,0,0,0,0,0,0,0,0,0,0,0,0,0,0
2018-01-12,'300729,乐歌股份,31.33,-3.9252,0.960748,1.354513204443417,30.861491962395245,32.4099896619078,32.07755733509823,,,,1,0,0,0,0,0,0,0,0,0,0,0,0,0,0,0
2018-01-15,'300729,乐歌股份,31.0,-1.0533,0.989467,1.3402461168610145,30.53642786755534,31.90761678351952,31.974617172932078,,,,0,0,0,0,0,0,0,0,0,0,0,0,0,0,0,0
2018-01-16,'300729,乐歌股份,31.93,3.0,1.03,1.380453500366845,31.452520703582,31.440703557644362,31.989389991920973,,,,0,0,0,0,0,0,0,0,0,0,0,0,0,0,0,0
2018-01-17,'300729,乐歌股份,33.1,3.6643,1.036643,1.4310374579807872,32.60503541972335,31.515566948572143,32.06375923103541,,,,0,0,0,0,0,0,0,0,0,0,0,0,0,0,0,0
2018-01-18,'300729,乐歌股份,32.25,-2.568,0.97432,1.3942884160598406,31.767738110144858,31.44464281268015,32.158321535337166,,,,0,0,0,0,0,0,0,0,0,0,0,0,0,0,0,0
2018-01-19,'300729,乐歌股份,33.3,3.2558,1.032558,1.439683658309917,32.802032127534964,31.832750845708098,32.317896567108356,,,,0,0,0,0,0,0,0,0,0,0,0,0,0,0,0,0
2018-01-22,'300729,乐歌股份,31.28,-6.0661,0.939339,1.3523510079131793,30.812228056646564,31.88791088352634,32.37453324894287,,,,0,0,0,0,0,0,0,0,0,0,0,0,0,0,0,0
2018-01-23,'300729,乐歌股份,31.16,-0.3836,0.996164,1.3471633894468245,30.694032349821267,31.736213212774196,32.37502314920617,,,,0,0,0,0,0,0,0,0,0,0,0,0,0,0,0,0
2018-01-24,'300729,乐歌股份,31.67,1.6367,1.016367,1.3692124126419007,31.196401577290796,31.45448644428769,32.35630506590881,,,,0,0,0,0,0,0,0,0,0,0,0,0,0,0,0,0
2018-01-25,'300729,乐歌股份,31.5,-0.5368,0.994632,1.361862480410839,31.028939293623896,31.306726680983495,32.27799188360412,,,,0,0,0,0,0,0,0,0,0,0,0,0,0,0,0,0
2018-01-26,'300729,乐歌股份,30.88,-1.9683,0.980317,1.3350569412089124,30.4181966815075,30.829959591778003,32.072607617667344,,,,0,0,0,0,0,0,0,0,0,0,0,0,0,0,0,0
2018-01-29,'300729,乐歌股份,31.12,0.7772,1.007772,1.3454330037559878,30.654606906116168,30.79843536167192,32.02532311981963,,,,0,0,0,0,0,0,0,0,0,0,0,0,0,0,0,0
2018-01-30,'300729,乐歌股份,31.12,0.0,1.0,1.3454330037559878,30.654606906116168,30.790550272930897,31.81993917673629,,,,0,0,0,0,0,0,0,0,0,0,0,0,0,0,0,0
2018-01-31,'300729,乐歌股份,28.62,-8.0334,0.919666,1.2373489888322542,28.191999714920232,30.189669900456785,31.5392004215381,,,,0,0,0,0,0,0,0,0,0,0,0,0,0,0,0,0
2018-02-01,'300729,乐歌股份,27.31,-4.5772,0.954228,1.1807130509154242,26.9015955039689,29.364201142525786,31.202313703576245,,,,0,0,0,0,0,0,0,0,0,0,0,0,0,0,0,0
2018-02-02,'300729,乐歌股份,26.82,-1.7942,0.982058,1.1595286973558996,26.418927077436688,28.56434722171162,30.90926183027638,,,,0,0,0,0,0,0,0,0,0,0,0,0,0,0,0,0
2018-02-05,'300729,乐歌股份,25.75,-3.9896,0.960104,1.1132681404461886,25.364917562755274,27.50640935303944,30.52509309543931,,,,0,0,0,0,0,0,0,0,0,0,0,0,0,0,0,0
2018-02-06,'300729,乐歌股份,23.18,-9.9806,0.9001939999999999,1.0021573004208162,22.83334660048692,25.942157291913595,29.977406083815765,,,,0,0,0,0,0,0,0,0,0,0,0,0,0,0,0,0
2018-02-07,'300729,乐歌股份,25.5,10.0086,1.100086,1.1024592159907338,25.11864492834325,25.3274863345982,29.621802406978702,,,,0,0,0,0,0,0,0,0,0,0,0,0,0,0,0,0
2018-02-08,'300729,乐歌股份,25.28,-0.8627,0.991373,1.0929483003343816,24.90194637854643,24.927556509513703,29.26078178642578,,,,0,0,0,0,0,0,0,0,0,0,0,0,0,0,0,0
2018-02-09,'300729,乐歌股份,25.76,1.8987,1.018987,1.1137001097128305,25.37475963443589,24.718723020913544,28.986445170027814,,,,0,0,0,0,0,0,0,0,0,0,0,0,0,0,0,0
2018-02-12,'300729,乐歌股份,26.17,1.5916,1.015916,1.13142576065902,25.77862430877757,24.801464370118005,28.74855499208893,,,,0,0,0,0,0,0,0,0,0,0,0,0,0,0,0,0
2018-02-13,'300729,乐歌股份,25.31,-3.2862,0.967138,1.0942448473122433,24.931487156742524,25.221092481369123,28.422503314746955,,,,0,0,0,0,0,0,0,0,0,0,0,0,0,0,0,0
2018-02-14,'300729,乐歌股份,24.73,-2.2916,0.977084,1.0691691323912358,24.36015719705861,25.069394935112193,28.01025940361372,,,,0,0,0,0,0,0,0,0,0,0,0,0,0,0,0,0
2018-02-22,'300729,乐歌股份,25.2,1.9005,1.019005,1.0894886917523312,24.82312198458871,25.05363005632065,27.663028597335916,,,,0,0,0,0,0,0,0,0,0,0,0,0,0,0,0,0
2018-02-23,'300729,乐歌股份,25.58,1.5079,1.015079,1.1059170917352648,25.19742984099432,25.018164097632337,27.282798483008882,,,,0,0,0,0,0,0,0,0,0,0,0,0,0,0,0,0
2018-02-26,'300729,乐歌股份,26.37,3.0884,1.030884,1.1400722351964165,25.975627264203588,25.05756468871754,27.04096844338674,,,,0,0,0,0,0,0,0,0,0,0,0,0,0,0,0,0
2018-02-27,'300729,乐歌股份,26.51,0.5309,1.005309,1.1461248786930742,26.113531869349245,25.293973631238885,26.81194341936314,,,,0,0,0,0,0,0,0,0,0,0,0,0,0,0,0,0
2018-02-28,'300729,乐歌股份,25.77,-2.7914,0.972086,1.1141319488292358,25.38459874074823,25.49886193997681,26.521353277536015,,,,0,0,0,0,0,0,0,0,0,0,0,0,0,0,0,0
2018-03-01,'300729,乐歌股份,26.5,2.8328,1.028328,1.1456930786756703,26.103693653876146,25.754976273834295,26.275090995548624,,,,0,0,0,0,0,0,0,0,0,0,0,0,0,0,0,0
2018-03-02,'300729,乐歌股份,25.9,-2.2642,0.977358,1.1197522959882957,25.512653822165078,25.818021070068447,26.029813852581498,29.946562460383536,,,0,0,0,0,0,0,0,0,0,0,0,0,0,0,0,0
2018-03-05,'300729,乐歌股份,27.6,6.5637,1.065637,1.1932494774400795,27.18722788109053,26.06034119344584,25.856444901330214,30.01994635425761,,,1,0,0,0,0,0,0,0,0,0,0,0,0,0,0,0
2018-03-06,'300729,乐歌股份,27.53,-0.2536,0.997464,1.1902233967652915,27.118281071184086,26.261291033812814,25.67962860958361,30.054256843306366,,,1,0,0,0,0,0,0,0,0,0,0,0,0,0,0,0
2018-03-07,'300729,乐歌股份,27.7,0.6175,1.006175,1.1975730262403173,27.28573645679865,26.641518577022897,25.634315446677526,30.049657741990295,,,1,0,0,0,0,0,0,0,0,0,0,0,0,0,0,0
2018-03-08,'300729,乐歌股份,28.79,3.935,1.03935,1.2446975248228738,28.359430186373675,27.092665883522404,25.707207180797763,30.016984783949862,,,1,0,0,0,0,0,0,0,0,0,0,0,0,0,0,0
2018-03-09,'300729,乐歌股份,30.4,5.5922,1.055922,1.3143034998060186,29.94534624125607,27.9792043673406,25.88352813898873,29.96017790091783,,,1,0,0,0,0,0,0,0,0,0,0,0,0,0,0,0
2018-03-12,'300729,乐歌股份,29.86,-1.7763,0.982237,1.2909575267389644,29.413427055972637,28.424444202317023,26.0859536136496,29.838850503699305,,,1,0,0,0,0,0,0,0,0,0,0,0,0,0,0,0
2018-03-13,'300729,乐歌股份,28.6,-4.2197,0.957803,1.2364829919831601,28.172268674491754,28.63524172297856,26.35289971734984,29.63560006744931,,,1,0,0,0,0,0,0,0,0,0,0,0,0,0,0,0
2018-03-14,'300729,乐歌股份,28.98,1.3287,1.013287,1.2529121414976405,28.54659360836973,28.887413153292776,26.524297151351163,29.505900171470557,,,1,0,0,0,0,0,0,0,0,0,0,0,0,0,0,0
2018-03-15,'300729,乐歌股份,28.14,-2.8986,0.971014,1.21659523016419,27.71914204603753,28.759355525225544,26.66515693472572,29.398527903156427,,,1,0,0,0,0,0,0,0,0,0,0,0,0,0,0,0
2018-03-16,'300729,乐歌股份,28.21,0.2488,1.002488,1.2196221190968386,27.78810727144807,28.327907731263945,26.785824316576328,29.283275607234142,,,1,0,0,0,0,0,0,0,0,0,0,0,0,0,0,0
2018-03-19,'300729,乐歌股份,28.59,1.347,1.01347,1.2360504290410732,28.16241307639448,28.07770493534831,26.905013754957174,29.20939530665941,,,1,0,0,0,0,0,0,0,0,0,0,0,0,0,0,0
2018-03-20,'300729,乐歌股份,29.38,2.7632,1.027632,1.2702049744963362,28.940596874521415,28.23137057535424,27.105469240846116,29.172454182504698,,,1,0,0,0,0,0,0,0,0,0,0,0,0,0,0,0
2018-03-21,'300729,乐歌股份,28.59,-2.6889,0.973111,1.236050432937104,28.162413165162402,28.154534486712777,27.295582039251308,29.123200224633496,,,1,0,0,0,0,0,0,0,0,0,0,0,0,0,0,0
2018-03-22,'300729,乐歌股份,29.42,2.9031,1.029031,1.2719342130557012,28.979996181760235,28.406705313857323,27.503425749109887,29.10825862726101,,,1,0,0,0,0,0,0,0,0,0,0,0,0,0,0,0
2018-03-23,'300729,乐歌股份,26.48,-9.9932,0.900068,1.1448272832766189,26.083967203324573,28.06587730023262,27.5477526172264,29.049482555781232,,,1,0,0,0,0,0,0,0,0,0,0,0,0,0,0,0
2018-03-26,'300729,乐歌股份,27.22,2.7946,1.027946,1.1768206265350674,26.812909750788684,27.795976635111465,27.589616741555652,29.00170614462844,,,1,0,0,0,0,0,0,0,0,0,0,0,0,0,0,0
2018-03-27,'300729,乐歌股份,28.04,3.0125,1.030125,1.2122723479094362,27.62064865703119,27.531986991613415,27.664972580939754,28.95064638316971,,,0,0,0,0,0,0,0,0,0,0,0,0,0,0,0,0
2018-03-28,'300729,乐歌股份,28.39,1.2482,1.012482,1.2274039313560419,27.965409593568257,27.49258627729459,27.794013123580747,28.89055715567521,,,0,0,0,0,0,0,0,0,0,0,0,0,0,0,0,0
2018-03-29,'300729,乐歌股份,28.51,0.4227,1.004227,1.2325921677738838,28.08361937992027,27.313310916926593,27.893009409882957,28.815364096345252,,,0,0,0,0,0,0,0,0,0,0,0,0,0,0,0,0
2018-03-30,'300729,乐歌股份,28.95,1.5433,1.015433,1.2516147626991383,28.517033877810583,27.799924251823796,28.043228412665236,28.71521662763804,,,0,0,0,0,0,0,0,0,0,0,0,0,0,0,0,0
2018-04-02,'300729,乐歌股份,29.41,1.5889,1.015889,1.271501669663665,28.970141029095114,28.23137050748508,28.132374070065463,28.671380697071786,,,1,0,0,0,0,0,0,0,0,0,0,0,0,0,0,0
2018-04-03,'300729,乐歌股份,30.13,2.4481,1.024481,1.3026293020387012,29.679359051628392,28.64311258640452,28.260427969087676,28.586665251802536,,,1,1,0,0,0,0,0,0,0,0,0,0,0,0,0,0
2018-04-04,'300729,乐歌股份,30.5,1.228,1.01228,1.3186255898677366,30.043821580782392,29.05879498384735,28.39833222528686,28.523949364500844,,,1,1,0,0,0,0,0,0,0,0,0,0,0,0,0,0
2018-04-09,'300729,乐歌股份,31.77,4.1639,1.041639,1.3735318408042392,31.294816267584586,29.701034361380216,28.54510152934741,28.484874137907152,,,1,1,0,0,1,0,0,0,0,0,1,0,0,0,0,0
2018-04-10,'300729,乐歌股份,30.9,-2.7384,0.972616,1.335919044875656,30.437839018913053,30.08519538960071,28.569726168230254,28.454172045831807,,,1,1,0,0,1,0,0,0,0,0,1,0,0,0,0,0
2018-04-11,'300729,乐歌股份,32.18,4.1424,1.041424,1.391258155390585,31.698696062432504,30.630906396268188,28.683989618553248,28.431678775880737,,,1,1,0,0,1,0,0,0,0,0,1,0,0,0,0,0
2018-04-12,'300729,乐歌股份,31.18,-3.1075,0.968925,1.3480248082118225,30.713659082292413,30.837766402400995,28.811059138943286,28.380454980036312,,,1,1,0,0,1,0,0,0,0,0,1,0,0,0,0,0
2018-04-13,'300729,乐歌股份,30.84,-1.0904,0.989096,1.3333259457030808,30.378757343659096,30.90475355497633,28.902667325707757,28.34958896134589,,,1,1,0,0,1,0,0,0,0,0,1,0,0,0,0,0
2018-04-16,'300729,乐歌股份,30.45,-1.2646,0.987354,1.3164647057937195,29.99458757829118,30.64470781711765,29.01643960232044,28.314126107824,,,1,1,0,0,1,0,0,0,0,0,1,0,0,0,0,0
2018-04-17,'300729,乐歌股份,30.16,-0.9524,0.990476,1.3039266959357403,29.70891912619554,30.49892383857415,29.11248019505781,28.294916560554,,,1,1,0,0,1,0,0,0,0,0,1,0,0,0,0,0
2018-04-18,'300729,乐歌股份,29.84,-1.061,0.98939,1.290092033691862,29.3937074942666,30.03792612494097,29.174044915951413,28.27587122099919,,,1,1,0,0,1,0,0,0,0,0,1,0,0,0,0,0
2018-04-19,'300729,乐歌股份,29.08,-2.5469,0.974531,1.257234679685764,28.64507915809513,29.624210140101507,29.159269030130098,28.229080528574407,,,1,1,0,0,1,0,0,0,0,0,1,0,0,0,0,0
2018-04-20,'300729,乐歌股份,28.2,-3.0261,0.969739,1.2191895010437932,27.778250417692014,29.104108754908093,29.140060892756576,28.148634111873886,,,0,1,0,0,1,0,0,0,0,0,0,0,0,0,0,0
2018-04-23,'300729,乐歌股份,27.46,-2.6241,0.973759,1.1871967493469031,27.04932134848136,28.51505550894613,29.043527151092633,28.069993832512825,,,0,1,0,0,1,0,0,0,0,0,0,0,0,0,0,0
2018-04-24,'300729,乐歌股份,28.54,3.9330000000000003,1.03933,1.233889197498717,28.113171157117137,28.195905915130446,29.14498734878226,27.991846149672533,,,0,1,0,0,1,0,0,0,0,0,0,0,0,0,0,0
2018-04-25,'300729,乐歌股份,28.6,0.2102,1.002102,1.2364828325918593,28.172265042889396,27.951617424855005,29.212955113387295,27.947846766109915,,,0,1,0,0,1,0,0,0,0,0,0,0,0,0,0,0
2018-04-26,'300729,乐歌股份,28.0,-2.0979,0.979021,1.2105426592469148,27.581239094554622,27.73884941214691,29.210984635263465,27.895966878522135,,,0,0,0,0,1,0,0,0,0,0,0,0,0,0,0,0
2018-04-27,'300729,乐歌股份,30.8,10.0,1.1,1.3315969251716064,30.339363004010085,28.25107192941052,29.32968230578556,27.88168290230079,,,0,1,0,0,1,0,0,0,0,0,0,0,0,0,0,0
2018-05-02,'300729,乐歌股份,29.47,-4.3182,0.956818,1.274095906748846,29.02924863077092,28.647057385868436,29.37696376832809,27.848354724586574,,,0,1,0,0,1,0,0,0,0,0,0,0,0,0,0,0
2018-05-03,'300729,乐歌股份,29.28,-0.6447,0.993553,1.2658818104380363,28.842097064848343,28.792842567414674,29.393216927679976,27.822086397642256,,,0,1,0,0,1,0,0,0,0,0,0,0,0,0,0,0
2018-05-04,'300729,乐歌股份,28.54,-2.5273,0.974727,1.2338891794428357,28.11317074572843,28.781023707982484,29.350368413511642,27.77972912830246,,,0,1,0,0,1,0,0,0,0,0,0,0,0,0,0,0
2018-05-07,'300729,乐歌股份,30.09,5.431,1.05431,1.3009017007783763,29.639997048928944,29.192775298857345,29.348400313376676,27.762818964016006,,,0,1,0,0,1,0,0,0,0,0,0,0,0,0,0,0
2018-05-08,'300729,乐歌股份,30.42,1.0967,1.010967,1.3151686897308126,29.965058896564543,29.117914477368238,29.34446217916578,27.792369950376745,,,0,1,0,0,1,0,0,0,0,0,0,0,0,0,0,0
2018-05-09,'300729,乐歌股份,30.43,0.0329,1.000329,1.315601380229734,29.974917400941514,29.307048231402355,29.27846723583363,27.843591981992958,,,1,1,0,0,1,0,0,0,0,0,1,0,0,0,0,0
2018-05-10,'300729,乐歌股份,31.32,2.9247,1.029247,1.354078773797313,30.85159381016685,29.70894758046606,29.299154975396323,27.917469760871793,,,1,1,0,0,1,0,0,0,0,0,1,0,0,0,0,0
2018-05-11,'300729,乐歌股份,30.17,-3.6718,0.963282,1.3043597093810233,29.718784988645144,30.030070429049402,29.20015942170695,27.99003421796996,,,1,1,0,0,1,0,0,0,0,0,1,0,0,0,0,0
2018-05-14,'300729,乐歌股份,30.23,0.1989,1.001989,1.3069540808429823,29.77789565198756,30.05765014966113,29.153371250191707,28.105776702161638,,,1,1,0,0,1,0,0,0,0,0,1,0,0,0,0,0
2018-05-15,'300729,乐歌股份,31.66,4.7304,1.047304,1.3687782366831787,31.186509227909184,30.301940215930063,29.193758844404208,28.206907773821072,,,1,1,0,0,1,0,0,0,0,0,1,0,0,0,0,0
2018-05-16,'300729,乐歌股份,30.92,-2.3373,0.976627,1.3367857829571828,30.45758694772526,30.39847412528681,29.216908812875914,28.299501783307388,,,1,1,0,0,1,0,0,0,0,0,1,0,0,0,0,0
2018-05-17,'300729,乐歌股份,31.39,1.5201,1.015201,1.3571062636439148,30.92057272691763,30.412269908636965,29.27749149291202,28.39193200151542,,,1,1,0,0,1,0,0,0,0,0,1,0,0,0,0,0
2018-05-18,'300729,乐歌股份,31.96,1.8159,1.018159,1.3817499562854247,31.48205940706573,30.76492479232108,29.381909088551982,28.486989253153556,,,1,1,0,0,1,0,0,0,0,0,1,0,0,0,0,0
2018-05-21,'300729,乐歌股份,32.3,1.0638,1.010638,1.396449012320389,31.816965555038088,31.172738772931183,29.540503408399132,28.60174722645848,,,1,1,0,0,1,0,0,0,0,0,1,0,0,0,0,0
2018-05-22,'300729,乐歌股份,32.79,2.1495,1.021495,1.4264656838402159,32.50087122964364,31.435611173278073,29.776634448996713,28.73742579366823,,,1,1,0,0,1,0,0,0,0,0,1,0,0,0,0,0
2018-05-23,'300729,乐歌股份,32.5,-0.8844,0.991156,1.413850021332333,32.21343352448867,31.786780488630757,30.034840057797076,28.860597652666563,,,1,1,0,0,1,0,0,0,0,0,1,0,0,0,0,0
2018-05-24,'300729,乐歌股份,33.07,1.7538,1.017538,1.4386461230064596,32.778392721641154,32.15834448757546,30.26810113602328,28.986947034010676,,,1,1,0,0,1,0,0,0,0,0,1,0,0,0,0,0
2018-05-25,'300729,乐歌股份,33.8,2.2074,1.022074,1.4704027975257041,33.50194296257866,32.56232119867805,30.534585032007744,29.112385628983592,,,1,1,0,0,1,0,0,0,0,0,1,0,0,0,0,0
2018-05-28,'300729,乐歌股份,32.47,-3.9349,0.960651,1.4125439178458652,32.18367500894415,32.63566308945926,30.764706827727224,29.213554681310175,,,1,1,0,0,1,0,0,0,0,0,1,0,0,0,0,0
2018-05-29,'300729,乐歌股份,33.77,4.0037,1.040037,1.4690979386846603,33.47221280527726,32.82993140458598,30.921349317790582,29.34834824905232,,,1,1,0,0,1,0,0,0,0,0,1,0,0,0,0,0
2018-05-30,'300729,乐歌股份,31.61,-6.3962,0.936038,1.3751314963305121,31.331263129826116,32.65349732565347,31.036450042743343,29.43547440698482,,,1,1,0,0,1,0,0,0,0,0,1,0,0,0,0,0
2018-05-31,'300729,乐歌股份,33.7,6.6118,1.066118,1.4660524406048927,33.40282358544395,32.77838349841402,31.264486368773124,29.5669772363728,29.756769848378163,,1,1,1,0,1,1,0,0,0,0,1,0,0,0,0,0
2018-06-01,'300729,乐歌股份,34.67,2.8783,1.028783,1.5082498280028234,34.364257056703785,32.950846317239055,31.57704068432189,29.686594389299685,29.853270371778645,,1,1,1,0,1,1,0,0,0,0,1,0,0,0,0,0
2018-06-04,'300729,乐歌股份,33.8,-2.5094,0.974906,1.4704018068189206,33.501920390122855,33.21449539347479,31.770136851381586,29.792988377948667,29.92362261062751,,1,1,1,0,1,1,0,0,0,0,1,0,0,0,0,0
2018-06-05,'300729,乐歌股份,35.5,5.0296,1.050296,1.5443571360946848,35.186932978064476,33.55743942803224,32.03123055545659,29.92467498663643,29.987166364313353,,1,1,1,0,1,1,0,0,0,0,1,0,0,0,0,0
2018-06-06,'300729,乐歌股份,38.0,7.0423,1.070423,1.6531153986898808,37.664902359178704,34.82416727390276,32.41572980336844,30.079766189516516,30.04837548673318,,1,1,1,0,1,1,0,1,0,0,1,1,0,1,0,0
2018-06-07,'300729,乐歌股份,37.35,-1.7105,0.982895,1.6248388597952903,37.02064420432495,35.54773139767896,32.72418232307635,30.19768782223433,30.07893286157607,,1,1,1,0,1,1,0,1,0,0,1,1,0,1,0,0
2018-06-08,'300729,乐歌股份,37.1,-0.6693,0.993307,1.6139638133066805,36.772865032665415,36.029452992871285,33.076886325277364,30.320345121845875,30.079597812772583,,1,1,1,0,1,1,0,1,0,0,1,1,0,1,0,0
2018-06-11,'300729,乐歌股份,35.7,-3.7736,0.962264,1.5530592748477396,35.385204197792746,36.406109754405264,33.35725175256762,30.44056071390089,30.038080390675088,,1,1,1,0,1,1,0,1,0,0,1,1,0,1,0,0
2018-06-12,'300729,乐歌股份,35.67,-0.084,0.99916,1.5517547050568676,35.355480626266605,36.43981928404569,33.5657003224855,30.554042164199174,30.02997116783485,,1,1,1,0,1,1,0,1,0,0,1,1,0,1,0,0
2018-06-13,'300729,乐歌股份,34.92,-2.1026,0.978974,1.519127510628342,34.61209629061872,35.829258070333694,33.77342578963017,30.66892473494219,30.033726319049297,,1,1,1,0,1,1,0,1,0,0,1,1,0,1,0,0
2018-06-14,'300729,乐歌股份,36.14,3.4937,1.034937,1.5722012684671642,35.82133909872407,35.58939704921351,34.01846410822049,30.802811932063456,30.043043769648783,,1,1,1,0,1,1,0,1,0,0,1,1,0,1,0,0
2018-06-15,'300729,乐歌股份,34.3,-5.0913,0.949087,1.4921557852856955,33.99756726119073,35.034337494918574,34.14423950092674,30.90006450181006,30.054729904234723,,1,1,1,0,1,1,0,1,0,0,1,1,0,1,0,0
2018-06-19,'300729,乐歌股份,32.32,-5.7726,0.9422740000000001,1.4060196004242935,32.03502369347124,34.36430139405427,34.155142407848395,30.95163828212589,30.062046232315286,,1,1,1,0,1,1,0,1,0,0,1,1,0,1,0,0
2018-06-20,'300729,乐歌股份,33.78,4.5173,1.045173,1.46953372383426,33.48214181877641,33.989633632556234,34.204205937305034,31.040300426352793,30.081750325493132,,0,1,1,0,1,1,0,1,0,0,0,0,0,1,0,0
2018-06-21,'300729,乐歌股份,33.85,0.2072,1.002072,1.4725785977100447,33.55151681662491,33.77751773775747,34.271110101911844,31.116492436933868,30.112375532097424,,0,1,1,0,1,1,0,1,0,0,0,0,0,1,0,0
2018-06-22,'300729,乐歌股份,35.5,4.8744,1.048744,1.544357968876823,35.186951952334475,33.65064030847956,34.39153806344651,31.268208849417366,30.158845702599287,,0,1,1,0,1,1,0,1,0,0,0,0,0,1,0,0
2018-06-25,'300729,乐歌股份,34.96,-1.5211,0.984789,1.5208667398122377,34.65172322618752,33.78147150147892,34.449027076626955,31.398855740674012,30.20028094265121,,0,1,1,0,1,1,0,1,0,0,0,0,0,1,0,0
2018-06-26,'300729,乐歌股份,37.27,6.6076,1.066076,1.6213595305120712,36.94137049008109,34.76274086080089,34.6869118506838,31.554201104558175,30.25242374386393,,1,1,1,0,1,1,0,1,0,0,1,1,0,1,0,0
2018-06-27,'300729,乐歌股份,36.77,-1.3416,0.986584,1.5996073710507213,36.445765063586165,35.35546550976284,34.83558946359924,31.695540362391807,30.293048759033503,,1,1,1,0,1,1,0,1,0,0,1,1,0,1,0,0
2018-06-28,'300729,乐歌股份,36.04,-1.9853,0.980147,1.5678503659132512,35.72220728977878,35.78960360439361,35.05513667159688,31.82285016088945,30.319107128617347,,1,1,1,0,1,1,0,1,0,0,1,1,0,1,0,0
2018-06-29,'300729,乐歌股份,36.9,2.3862,1.023862,1.6052624113446734,36.57461060012749,36.067135333952216,35.21372602233105,31.957143106261398,30.336179866949713,,1,1,1,0,1,1,0,1,0,0,1,1,0,1,0,0
2018-07-02,'300729,乐歌股份,34.45,-6.6396,0.933604,1.4986794082810324,34.14620275472142,35.966031239658996,35.20282330723194,32.0434108016885,30.35739574938014,,1,1,1,0,1,1,0,1,0,0,1,1,0,1,0,0
2018-07-03,'300729,乐歌股份,36.7,6.5312,1.065312,1.5965611577946832,36.37635954903779,35.85302905145034,35.34654526517768,32.15502747664532,30.37084636422393,,1,1,1,0,1,1,0,1,0,0,1,1,0,1,0,0
2018-07-04,'300729,乐歌股份,33.03,-10.0,0.9,1.436905042015215,32.73872359413401,35.11162075755991,35.22413479598116,32.19994251020118,30.361945937351013,,0,1,1,0,1,1,0,1,0,0,0,0,0,1,0,0
2018-07-05,'300729,乐歌股份,31.81,-3.6936,0.963064,1.383831517383341,31.52948609946108,34.27307651949637,34.91736398299528,32.20385367406579,30.34436390598647,,0,1,1,0,1,1,0,1,0,0,0,0,0,1,0,0
2018-07-06,'300729,乐歌股份,32.82,3.1751,1.031751,1.4277695518917797,32.53057881260507,33.46427016199189,34.69286071340929,32.23873267062732,30.346452358229563,,0,1,1,0,1,1,0,1,0,0,0,0,0,1,0,0
2018-07-09,'300729,乐歌股份,34.03,3.6868,1.036868,1.4804085597309258,33.72991619226819,33.38101284950124,34.54071327138943,32.272586339457916,30.35213255766933,,0,1,1,0,1,1,0,1,0,0,0,0,0,1,0,0
2018-07-10,'300729,乐歌股份,33.8,-0.6759,0.993241,1.4704024782757046,33.50193568872466,32.80612807743862,34.44654984593602,32.31905761623179,30.34975629813405,,0,1,1,0,1,1,0,1,0,0,0,0,0,1,0,0
2018-07-11,'300729,乐歌股份,32.32,-4.3787,0.956213,1.4060179649594462,32.03498643072247,32.66538064475632,34.280525136158815,32.34666143434951,30.3481251978477,,0,1,1,0,1,1,0,1,0,0,0,0,0,1,0,0
2018-07-12,'300729,乐歌股份,33.9,4.8886,1.048886,1.4747525591944537,33.601048777374764,33.07969318033905,34.229972760496615,32.4067691210009,30.36044761441245,,0,1,1,0,1,1,0,1,0,0,0,0,0,1,0,0
2018-07-13,'300729,乐歌股份,33.06,-2.4779,0.975221,1.4382096655301744,32.7684483897202,33.12726709576208,34.07732822504643,32.457761275392976,30.37633891797349,,0,1,1,0,1,1,0,1,0,0,0,0,0,1,0,0
2018-07-16,'300729,乐歌股份,32.46,-1.8149,0.981851,1.4121075983104672,32.17373381989517,32.816030621287474,33.98613655298165,32.504095047486786,30.38998313424299,,0,1,1,0,1,1,0,1,0,0,0,0,0,1,0,0
2018-07-17,'300729,乐歌股份,32.7,0.7394,1.007394,1.4225487218923747,32.411626407759464,32.597968765094436,34.00496668869606,32.566870834981195,30.397975681777798,,0,1,1,0,1,1,0,1,0,0,0,0,0,1,0,0
2018-07-18,'300729,乐歌股份,31.9,-2.4465,0.975535,1.3877460674112778,31.618675967693633,32.51470667248867,33.911793396141924,32.63087792748122,30.389756019677552,,0,0,1,0,1,1,0,1,0,0,0,0,0,1,0,0
2018-07-19,'300729,乐歌股份,32.12,0.6897,1.006897,1.3973173520382134,31.836749975842814,32.161846912182284,33.82605505410282,32.710668404603915,30.390331118558368,,0,0,1,0,1,1,0,1,0,0,0,0,0,1,0,0
2018-07-20,'300729,乐歌股份,31.9,-0.6849,0.993151,1.3877471254941036,31.618700075258268,31.931897249289896,33.64764246024901,32.769093886572925,30.38047001812273,,0,0,1,0,1,1,0,1,0,0,0,0,0,1,0,0
2018-07-23,'300729,乐歌股份,30.0,-5.9561,0.940439,1.3050915189525494,29.735458680075812,31.44424222132603,33.40182923294343,32.79514711385937,30.371496939984638,,0,0,1,0,1,1,0,1,0,0,0,0,0,1,0,0
2018-07-24,'300729,乐歌股份,30.58,1.9333,1.019333,1.330322853288459,30.31033430273772,31.02398380032168,33.07027742357626,32.84063203399576,30.368299456258946,,0,0,1,0,1,1,0,1,0,0,0,0,0,1,0,0
2018-07-25,'300729,乐歌股份,30.66,0.2616,1.002616,1.3338029778726614,30.389626137273673,30.778173834237684,32.76747047726063,32.841469752883484,30.361576327592136,,0,0,1,0,0,1,0,1,0,0,0,0,0,0,0,0
2018-07-26,'300729,乐歌股份,30.85,0.6197,1.006197,1.3420685549265383,30.57795065044636,30.52641396915839,32.51025764529401,32.867281453211405,30.357818088898988,,0,0,1,0,0,1,0,1,0,0,0,0,0,0,0,0
2018-07-27,'300729,乐歌股份,30.5,-1.1345,0.988655,1.3268427871708968,30.231043800317046,30.24888271417015,32.19307930530349,32.890430565469224,30.356258481555734,,0,0,0,0,0,1,0,1,0,0,0,0,0,0,0,0
2018-07-30,'300729,乐歌股份,29.95,-1.8033,0.981967,1.302915831189844,29.685887387465932,30.23896845564817,31.970063536940717,32.91664250949818,30.348185818900316,,0,0,0,0,0,1,0,1,0,0,0,0,0,0,0,0
2018-07-31,'300729,乐歌股份,29.35,-2.0033,0.979967,1.276814518343618,29.09119000543283,29.995139596187194,31.605805059760467,32.90749572543991,30.335157344727957,,0,0,0,0,0,1,0,1,0,0,0,0,0,0,0,0
2018-08-01,'300729,乐歌股份,28.33,-3.4753,0.965247,1.2324413833876222,28.08018387917402,29.533251144567267,31.372878074012466,32.876081141816734,30.334225546096736,,0,0,0,0,0,1,0,1,0,0,0,0,0,0,0,0
2018-08-02,'300729,乐歌股份,27.1,-4.3417,0.956583,1.1789324758450819,26.861026535691924,28.78986632161638,31.139455095824008,32.82418296072924,30.333887471361095,,0,0,0,0,0,1,0,1,0,0,0,0,0,0,0,0
2018-08-03,'300729,乐歌股份,26.5,-2.214,0.97786,1.1528309108298718,26.266323408191703,27.996922243191314,30.82624232560334,32.74776178736299,30.332615774117382,,0,0,0,0,0,1,0,1,0,0,0,0,0,0,0,0
2018-08-06,'300729,乐歌股份,26.18,-1.2075,0.987925,1.138910477581601,25.94915755303779,27.249576276305685,30.43720439364182,32.6849346634362,30.337484440703072,,0,0,0,0,0,1,0,1,0,0,0,0,0,0,0,0
2018-08-07,'300729,乐歌股份,26.7,1.9862,1.019862,1.1615315174873269,26.464559720356228,26.724250219290365,30.0853355952234,32.62971239790901,30.367744550035315,,0,0,0,0,0,0,0,1,0,0,0,0,0,0,0,0
2018-08-08,'300729,乐歌股份,26.0,-2.6217,0.973783,1.1310796456933616,25.770738358167648,26.26236111508909,29.772123191595654,32.53944955007998,30.373178661950522,,0,0,0,0,0,0,0,1,0,0,0,0,0,0,0,0
2018-08-09,'300729,乐歌股份,26.7,2.6923,1.026923,1.161531702994364,26.464563946984594,26.18306859734762,29.415298950076146,32.4728991667343,30.386200475020836,,0,0,0,0,0,0,0,1,0,0,0,0,0,0,0,0
2018-08-10,'300729,乐歌股份,26.78,0.2996,1.002996,1.165011651976535,26.54385178056976,26.23857427182323,29.10406911961862,32.39995381762851,30.39594290957195,,0,0,0,0,0,0,0,1,0,0,0,0,0,0,0,0
2018-08-13,'300729,乐歌股份,26.82,0.1494,1.001494,1.166752179384588,26.583508295129935,26.36544442024166,28.824557843380365,32.31831129909624,30.402650276124884,,0,0,0,0,0,0,0,1,0,0,0,0,0,0,0,0
2018-08-14,'300729,乐歌股份,26.95,0.4847,1.004847,1.1724074271980653,26.71235855983643,26.415004188137704,28.539594450984207,32.23323451584288,30.41749087115067,,0,0,0,0,0,0,0,1,0,0,0,0,0,0,0,0
2018-08-15,'300729,乐歌股份,25.91,-3.859,0.96141,1.127164224582492,25.681528643012342,26.397162245106642,28.242737084750143,32.11957880606569,30.428502299866953,,0,0,0,0,0,0,0,1,0,0,0,0,0,0,0,0
2018-08-16,'300729,乐歌股份,26.01,0.386,1.00386,1.1315150784893804,25.78065934357437,26.2603813244246,27.93993255313672,32.01236590305045,30.436481777858496,,0,0,0,0,0,0,0,1,0,0,0,0,0,0,0,0
2018-08-17,'300729,乐歌股份,25.22,-3.0373,0.969627,1.0971475710104224,24.997623377331987,25.951135643777047,27.6088787182404,31.882686413978636,30.434816723994643,,0,0,0,0,0,0,0,1,0,0,0,0,0,0,0,0
2018-08-20,'300729,乐歌股份,25.65,1.705,1.01705,1.11585393709615,25.423832855915496,25.719200555934158,27.393297427032387,31.74805124553425,30.43021843725891,,0,0,0,0,0,0,0,1,0,0,0,0,0,0,0,0
2018-08-21,'300729,乐歌股份,25.6,-0.1949,0.998051,1.1136791377727495,25.37428180567931,25.451585205102734,27.14649480217947,31.63456135881317,30.42405802006166,,0,0,0,0,0,0,0,1,0,0,0,0,0,0,0,0
2018-08-22,'300729,乐歌股份,25.1,-1.9531,0.980469,1.09192787053291,24.878696707732594,25.291018818046787,26.87094833070241,31.491336090520758,30.419842169786534,,0,0,0,0,0,0,0,1,0,0,0,0,0,0,0,0
2018-08-23,'300729,乐歌股份,25.25,0.5976,1.005976,1.0984532314872146,25.027371799258,25.14036130918351,26.593419388142998,31.38627123501129,30.41087282099805,,0,0,0,0,0,0,0,1,0,0,0,0,0,0,0,0
2018-08-24,'300729,乐歌股份,25.05,-0.7921,0.992079,1.0897523834406044,24.829129987236076,25.10666263116433,26.323323697488952,31.243376341707823,30.405176789040308,,0,0,0,0,0,0,0,1,0,0,0,0,0,0,0,0
2018-08-27,'300729,乐歌股份,25.67,2.475,1.02475,1.1167237549307594,25.44365095442017,25.110626250865266,26.11121187583666,31.09469957333643,30.390646981318056,,0,0,0,0,0,0,0,1,0,0,0,0,0,0,0,0
2018-08-28,'300729,乐歌股份,26.21,2.1036,1.021036,1.1402151558394829,25.978883595897354,25.23154660890887,25.955596555359886,30.969315626766004,30.381152002357336,,0,0,0,0,0,0,0,1,0,0,0,0,0,0,0,0
2018-08-29,'300729,乐歌股份,25.93,-1.0683,0.989317,1.1280342373296497,25.701351182442384,25.39607750385083,25.83665492052331,30.811222596838967,30.367948791737703,,0,0,0,0,0,0,0,1,0,0,0,0,0,0,0,0
2018-08-30,'300729,乐歌股份,25.02,-3.5094,0.964906,1.088447003804803,24.799387964045753,25.350480736808386,25.733572991940996,30.596797356920085,30.338281773218302,,0,0,0,0,0,0,0,1,0,0,0,0,0,0,0,0
2018-08-31,'300729,乐歌股份,24.48,-2.1583,0.978417,1.064955052121684,24.26414277361775,25.23748329408472,25.6334639602123,30.38418899974163,30.29093841098798,,0,0,0,0,0,0,0,1,0,0,0,0,0,0,0,0
2018-09-03,'300729,乐歌股份,24.0,-1.9608,0.980392,1.044073413459682,23.78837146211266,24.90642739562322,25.525424655666043,30.167780773565756,30.244062947705814,,0,0,0,0,0,0,0,0,0,0,0,0,0,0,0,0
2018-09-04,'300729,乐歌股份,24.13,0.5417,1.005417,1.0497291591403932,23.917233070322926,24.494097290508332,25.398058323164374,29.97664792144126,30.208604317671075,,0,0,0,0,0,0,0,0,0,0,0,0,0,0,0,0
2018-09-05,'300729,乐歌股份,23.78,-1.4505,0.985495,1.0345028376870617,23.57031360463789,24.067889774947435,25.288037085487886,29.78022847108078,30.167135317639975,,0,0,0,0,0,0,0,0,0,0,0,0,0,0,0,0
2018-09-06,'300729,乐歌股份,23.1,-2.8595,0.971405,1.0049212290434002,22.896320487113268,23.687276279560937,25.109624912494322,29.58496554102236,30.126945137982272,,0,0,0,0,0,0,0,0,0,0,0,0,0,0,0,0
2018-09-07,'300729,乐歌股份,23.04,-0.2597,0.997403,1.0023114486115745,22.836858742808232,23.401819473399037,24.924275260606247,29.368557535090428,30.08568473357694,,0,0,0,0,0,0,0,0,0,0,0,0,0,0,0,0
2018-09-10,'300729,乐歌股份,22.18,-3.7326,0.962674,0.9648991714806989,21.984450153374176,23.04103521165134,24.69432235351846,29.16833891662682,30.03420170921844,,0,0,0,0,0,0,0,0,0,0,0,0,0,0,0,0
2018-09-11,'300729,乐歌股份,22.34,0.7214,1.007214,0.9718599541037607,22.143045976780616,22.686197792942878,24.46585672436567,29.003472621348642,29.977555451737267,,0,0,0,0,0,0,0,0,0,0,0,0,0,0,0,0
2018-09-12,'300729,乐歌股份,22.64,1.3429,1.013429,0.98491106142742,22.4404049412028,22.46021606025586,24.303800539275194,28.81944367338908,29.929872049870937,,0,0,0,0,0,0,0,0,0,0,0,0,0,0,0,0
2018-09-13,'300729,乐歌股份,22.96,1.4134,1.014134,0.9988317943696353,22.757577624641765,22.43246748776156,24.152646453328565,28.63954468685603,29.87801856189495,,0,0,0,0,0,0,0,0,0,0,0,0,0,0,0,0
2018-09-14,'300729,乐歌股份,22.34,-2.7003,0.972997,0.971860339426272,22.14305475604356,22.293706690408623,24.00991802226414,28.42214640025118,29.845177624834275,,0,0,0,0,0,0,0,0,0,0,0,0,0,0,0,0
2018-09-17,'300729,乐歌股份,22.1,-1.0743,0.989257,0.9614196437998156,21.905171918799386,22.277851043493666,23.833984975408335,28.20970387846138,29.804279809567696,,0,0,0,0,0,0,0,0,0,0,0,0,0,0,0,0
2018-09-18,'300729,乐歌股份,22.57,2.1267,1.021267,0.9818661553645062,22.37102920999649,22.32344769013684,23.683822345624197,27.96686485712664,29.760532980842406,,0,0,0,0,0,0,0,0,0,0,0,0,0,0,0,0
2018-09-19,'300729,乐歌股份,22.69,0.5317,1.005317,0.9870867377125793,22.48997597230604,22.333361896357488,23.564386308852868,27.73426837227197,29.714904367331886,,0,0,0,0,0,0,0,0,0,0,0,0,0,0,0,0
2018-09-20,'300729,乐歌股份,22.58,-0.4848,0.995152,0.9823013412081487,22.3809445687923,22.258035285187592,23.432064947329586,27.511913993588863,29.667382077239154,,0,0,0,0,0,0,0,0,0,0,0,0,0,0,0,0
2018-09-21,'300729,乐歌股份,23.55,4.2958,1.042958,1.0244990422237683,23.342385185578483,22.497901371094578,23.357727707246706,27.29137690334638,29.624260004803887,,0,0,0,0,0,0,0,0,0,0,0,0,0,0,0,0
2018-09-25,'300729,乐歌股份,24.17,2.6327,1.026327,1.0514710285083935,23.956920160359207,22.908251019406542,23.283391167543662,27.12155552677368,29.582483164231085,,0,0,0,0,0,0,0,0,0,0,0,0,0,0,0,0
2018-09-26,'300729,乐歌股份,24.25,0.331,1.00331,1.0549513976127562,24.036217566089995,23.241288690625243,23.186257866053293,26.91588649372455,29.53545698518493,,1,0,0,0,0,0,0,0,0,0,0,0,0,0,0,0
2018-09-27,'300729,乐歌股份,24.01,-0.9897,0.990103,1.0445105436305828,23.798331120838405,23.502959720331717,23.091106862973092,26.766879952502958,29.483411231352065,,1,0,0,0,0,0,0,0,0,0,0,0,0,0,0,0
2018-09-28,'300729,乐歌股份,24.82,3.3736,1.033736,1.079748151330504,24.601191619531008,23.947009130479454,23.081197045747352,26.651408377837456,29.427631025951616,,1,0,0,0,0,0,0,0,0,0,0,0,0,0,0,0
2018-10-08,'300729,乐歌股份,24.3,-2.0951,0.979049,1.0571263478119786,24.08577205391021,24.0956865041458,23.072278509761976,26.510661598525875,29.374697134576593,,1,0,0,0,0,0,0,0,0,0,0,0,0,0,0,0
2018-10-09,'300729,乐歌股份,24.6,1.2346,1.012346,1.0701776297020653,24.383134995687787,24.180929471211517,23.10201668644073,26.354881911916205,29.313734125687052,,1,0,0,0,0,0,0,0,0,0,0,0,0,0,0,0
2018-10-10,'300729,乐歌股份,24.61,0.0407,1.000407,1.070613191997354,24.393058931631032,24.252297744319726,23.125807979506135,26.203067299297977,29.261062457764872,,1,0,0,0,0,0,0,0,0,0,0,0,0,0,0,0
2018-10-11,'300729,乐歌股份,22.15,-9.9959,0.900041,0.9635957679384906,21.954753153884123,23.883582150928866,23.045029956968445,26.035063411350674,29.190862422850085,,1,0,0,0,0,0,0,0,0,0,0,0,0,0,0,0
2018-10-12,'300729,乐歌股份,22.28,0.5869,1.005869,0.9692511115005215,22.08360560014427,23.38006494705152,23.004394212619996,25.8431060250635,29.124937573032195,,1,0,0,0,0,0,0,0,0,0,0,0,0,0,0,0
2018-10-15,'300729,乐歌股份,21.95,-1.4811,0.985189,0.9548955332880872,21.75652531760053,22.914215599789582,22.950377541359607,25.659573973861505,29.058667624627233,,0,0,0,0,0,0,0,0,0,0,0,0,0,0,0,0
2018-10-16,'300729,乐歌股份,21.88,-0.3189,0.996811,0.9518503714324315,21.6871437583627,22.37501735232457,22.935512221609038,25.484797472835965,28.99444626016137,,0,0,0,0,0,0,0,0,0,0,0,0,0,0,0,0
2018-10-17,'300729,乐歌股份,22.37,2.2395,1.022395,0.9731670605006607,22.172827342831233,21.930971034564607,22.937001289911567,25.314150821753824,28.940510828367504,,0,0,0,0,0,0,0,0,0,0,0,0,0,0,0,0
2018-10-18,'300729,乐歌股份,22.69,1.4305,1.014305,0.9870882153011227,22.490009637970434,22.03802233138187,22.939481524749947,25.162006382925103,28.896442155203157,,0,0,0,0,0,0,0,0,0,0,0,0,0,0,0,0
2018-10-19,'300729,乐歌股份,24.3,7.0956,1.070956,1.0571280467060291,24.085810761842268,22.438463363721475,23.00589318160997,25.032824062691763,28.871746233647833,,0,0,0,0,0,0,0,0,0,0,0,0,0,0,0,0
2018-10-22,'300729,乐歌股份,25.28,4.0329,1.040329,1.0997609637016366,25.0571674240566,23.09859178501269,23.151598815010622,24.923465185171736,28.846279535872327,,0,0,0,0,0,0,0,0,0,0,0,0,0,0,0,0
2018-10-23,'300729,乐歌股份,24.2,-4.2722,0.957278,1.052776975810375,23.98667511736605,23.558498056813356,23.255673974938958,24.82765212579324,28.8113996198263,,1,0,0,0,0,0,0,0,0,0,0,0,0,0,0,0
2018-10-24,'300729,乐歌股份,24.44,0.9917,1.009917,1.0632173650794865,24.224550974504968,23.96884278314811,23.348350063164382,24.726222403656028,28.78342721882588,,1,0,0,0,0,0,0,0,0,0,0,0,0,0,0,0
2018-10-25,'300729,乐歌股份,23.78,-2.7005,0.972995,1.034505180135515,23.570366975438464,24.184914250641718,23.402369613321003,24.612568084292107,28.727018918587785,,1,0,0,0,0,0,0,0,0,0,0,0,0,0,0,0
2018-10-26,'300729,乐歌股份,23.85,0.2944,1.002944,1.037550763385834,23.639758135814155,24.095703725436092,23.465310291672093,24.49693154238157,28.682106497796482,,1,0,0,0,0,0,0,0,0,0,0,0,0,0,0,0
2018-10-29,'300729,乐歌股份,23.77,-0.3354,0.996646,1.034070818125438,23.56047038702664,23.796364318030104,23.4762145517445,24.38575531882673,28.638092942147967,,1,0,0,0,0,0,0,0,0,0,0,0,0,0,0,0
2018-10-30,'300729,乐歌股份,24.31,2.2718,1.022718,1.0575628389716119,24.09571715327911,23.818172725212712,23.483154401390497,24.292585814923616,28.60461416221089,,1,0,0,0,0,0,0,0,0,0,0,0,0,0,0,0
2018-10-31,'300729,乐歌股份,24.38,0.2879,1.002879,1.0606075623850113,24.165088722963404,23.806280274904402,23.489597959234167,24.210484126882463,28.55898992616118,,1,0,0,0,0,0,0,0,0,0,0,0,0,0,0,0
2018-11-01,'300729,乐歌股份,24.12,-1.0664,0.989336,1.0492972433397376,23.907392216821727,23.873685323181057,23.495051014033333,24.140937599176592,28.508509370496654,,1,0,0,0,0,0,0,0,0,0,0,0,0,0,0,0
2018-11-02,'300729,乐歌股份,24.61,2.0315,1.020315,1.0706137168381844,24.393070889706458,24.024347873959517,23.484644977542107,24.099805005076835,28.461993982903028,,1,0,0,0,0,0,0,0,0,0,0,0,0,0,0,0
2018-11-05,'300729,乐歌股份,24.0,-2.4787,0.975213,1.0440764146389163,23.788439841563303,24.069941764866847,23.46977836692476,24.058506945633027,28.403134366497998,,1,1,0,0,0,0,0,0,0,0,0,0,0,0,0,0
2018-11-06,'300729,乐歌股份,22.79,-5.0417,0.949583,0.991437214042066,22.58909807007121,23.768617948225266,23.380076520643932,24.00250595425025,28.343720308843213,,1,0,0,0,0,0,0,0,0,0,0,0,0,0,0,0
2018-11-07,'300729,乐歌股份,22.93,0.6143,1.006143,0.9975276128479263,22.727862899515653,23.48117278353572,23.296816719038162,23.940227673902907,28.284970035905946,,1,0,0,0,0,0,0,0,0,0,0,0,0,0,0,0
2018-11-08,'300729,乐歌股份,22.9,-0.1308,0.998692,0.9962228467303212,22.698134854843087,23.239321311139985,23.33398580408611,23.889017615514167,28.214233582797064,,0,0,0,0,0,0,0,0,0,0,0,0,0,0,0,0
2018-11-09,'300729,乐歌股份,23.59,3.0131,1.030131,1.0262400373251526,23.382052356154365,23.037117604429568,23.398908141886615,23.837642422333666,28.155270794533973,,0,0,0,0,0,0,0,0,0,0,0,0,0,0,0,0
2018-11-12,'300729,乐歌股份,24.63,4.4086,1.044086,1.0714828556106692,24.412873516327785,23.162004339382463,23.53172555182298,23.80212611792963,28.101039967779055,,0,0,0,0,0,0,0,0,0,0,0,0,0,0,0,0
2018-11-13,'300729,乐歌股份,24.58,-0.203,0.99797,1.0693077454137796,24.363315383089642,23.51684780198615,23.665534133059328,23.765122902728965,28.04171710091259,,0,0,0,0,0,0,0,0,0,0,0,0,0,0,0,0
2018-11-14,'300729,乐歌股份,24.72,0.5696,1.005696,1.0753985223316564,24.502088827511717,23.871692987585362,23.78199720729335,23.728285073856885,27.980759794849867,,1,1,0,0,1,0,0,0,0,0,1,0,0,0,0,0
2018-11-15,'300729,乐歌股份,26.15,5.7848,1.057848,1.137608176051498,25.919485662005613,24.515963149017864,23.95347100849511,23.732251024173436,27.925914915119552,,1,1,0,0,1,0,0,0,0,0,1,0,0,0,0,0
2018-11-16,'300729,乐歌股份,25.92,-0.8795,0.991205,1.127602912143125,25.691523785608272,24.977857434908646,24.033756659683412,23.730765431540668,27.87156566729555,,1,1,0,0,1,0,0,0,0,0,1,0,0,0,0,0
2018-11-19,'300729,乐歌股份,25.48,-1.6975,0.983025,1.1084618527094956,25.255410169347574,25.146364765512608,24.043668796947962,23.735061878074262,27.808874146026437,,1,1,0,0,1,0,0,0,0,0,1,0,0,0,0,0
2018-11-20,'300729,乐歌股份,25.33,-0.5887,0.994113,1.1019363377825948,25.106731569680626,25.295048002830804,24.099671619563686,23.72977685663702,27.73891405108562,,1,1,0,0,1,0,0,0,0,0,1,0,0,0,0,0
2018-11-21,'300729,乐歌股份,25.96,2.4872,1.024872,1.1293436983759235,25.731186197281723,25.540867476784804,24.175003380702528,23.735725263163722,27.685143310988433,,1,1,0,0,1,0,0,0,0,0,1,0,0,0,0,0
2018-11-22,'300729,乐歌股份,25.34,-2.3883,0.976117,1.1023715828276113,25.116648277332043,25.380299999850088,24.252317445797207,23.739691122657046,27.615513606588888,,1,1,0,0,1,0,0,0,0,0,1,0,0,0,0,0
2018-11-23,'300729,乐歌股份,24.41,-3.6701,0.963299,1.0619134433662551,24.194842168905677,25.080963676509572,24.280071647451784,23.72581562881784,27.55604343191455,,1,1,0,0,1,0,0,0,0,0,1,0,0,0,0,0
2018-11-26,'300729,乐歌股份,22.94,-6.0221,0.939779,0.997963953893296,22.73780457865201,24.577442558370457,24.23893835703305,23.690960205341444,27.46716827352462,,1,1,0,0,1,0,0,0,0,0,1,0,0,0,0,0
2018-11-27,'300729,乐歌股份,22.8,-0.6103,0.993897,0.9918733798826852,22.5990357573085,24.075903395896034,24.16410428723452,23.643549952056244,27.369124762696327,,0,1,0,0,1,0,0,0,0,0,0,0,0,0,0,0
2018-11-28,'300729,乐歌股份,23.1,1.3158,1.013158,1.0049244498151815,22.89639386980316,23.50894493040032,24.10066954457651,23.592175123288012,27.280745375026992,,0,0,0,0,1,0,0,0,0,0,0,0,0,0,0,0
2018-11-29,'300729,乐歌股份,21.77,-5.7576,0.942424,0.9470649196926226,21.578111096355375,22.801237494204987,23.98420548855319,23.52345445518656,27.167338526012752,,0,0,0,0,1,0,0,0,0,0,0,0,0,0,0,0
2018-11-30,'300729,乐歌股份,22.45,3.1236,1.031236,0.9766474395241415,22.252124974561134,22.412694055336075,23.877158192795925,23.481000072028486,27.03889871447427,,0,0,0,0,1,0,0,0,0,0,0,0,0,0,0,0
2018-12-03,'300729,乐歌股份,23.09,2.8508,1.028508,1.0044897047300956,22.88648855333592,22.44243085027286,23.832060628384557,23.45803916835712,26.92111408404936,,0,0,0,0,1,0,0,0,0,0,0,0,0,0,0,0
2018-12-04,'300729,乐歌股份,23.05,-0.1732,0.998268,1.0027499285615031,22.846849155161543,22.49199352984347,23.844948182639072,23.442347129907937,26.80506395173683,,0,0,0,0,1,0,0,0,0,0,0,0,0,0,0,0
2018-12-05,'300729,乐歌股份,22.71,-1.4751,0.985249,0.9879583643652925,22.509835283273755,22.414681812537587,23.83404680182698,23.418890500123783,26.697769210782507,,0,0,0,0,1,0,0,0,0,0,0,0,0,0,0,0
2018-12-06,'300729,乐歌股份,22.23,-2.1136,0.978864,0.9670768763760677,22.034067404726482,22.50587307421181,23.800843429321148,23.39328639679193,26.58675743393634,,0,0,0,0,1,0,0,0,0,0,0,0,0,0,0,0
2018-12-07,'300729,乐歌股份,22.53,1.3495,1.013495,0.9801275788227627,22.331417144353267,22.52173150817024,23.748311668731095,23.38387134107926,26.484418441050796,,0,0,0,0,1,0,0,0,0,0,0,0,0,0,0,0
2018-12-10,'300729,乐歌股份,22.47,-0.2663,0.997337,0.9775174990803577,22.271948580497856,22.398823513602625,23.641265421939597,23.37445617170742,26.37150685339891,28.364315385790857,0,0,0,0,1,0,0,0,0,0,0,0,0,0,0,0
2018-12-11,'300729,乐歌股份,22.65,0.8011,1.008011,0.9853483917654904,22.450369160576223,22.319527514685557,23.545618110813926,23.382221488494118,26.275280202560456,28.362980085438576,0,0,0,0,1,0,0,0,0,0,0,0,0,0,0,0
2018-12-12,'300729,乐歌股份,22.77,0.5298,1.005298,0.990568767545064,22.569311216388957,22.3314227013086,23.448979230257784,23.38932590915426,26.196399265251436,28.3530187233911,0,0,0,0,1,0,0,0,0,0,0,0,0,0,0,0
2018-12-13,'300729,乐歌股份,22.94,0.7466,1.007466,0.9979643539635554,22.737813693930516,22.472171959149406,23.28989563185403,23.39428272169972,26.10686319754439,28.33372324802377,0,0,0,0,0,0,0,0,0,0,0,0,0,0,0,0
2018-12-14,'300729,乐歌股份,22.38,-2.4412,0.975588,0.9736020481545972,22.182738186034285,22.44243616748561,23.114456351875326,23.3847020643896,26.012123375622803,28.301174970092706,0,0,0,0,0,0,0,0,0,0,0,0,0,0,0,0
2018-12-17,'300729,乐歌股份,22.6,0.983,1.00983,0.9831725562879569,22.400794502403002,22.46820535186664,22.9717255685281,23.388997726828922,25.905572063540042,28.257363111209607,0,0,0,0,0,0,0,0,0,0,0,0,0,0,0,0
2018-12-18,'300729,乐歌股份,22.22,-1.6814,0.983186,0.9666414929265311,22.024147543639597,22.382961028479315,22.81759636722605,23.390980653909594,25.800342266185474,28.19868741782783,0,0,0,0,0,0,0,0,0,0,0,0,0,0,0,0
2018-12-19,'300729,乐歌股份,22.22,0.0,1.0,0.9666414929265311,22.024147543639597,22.273928293929444,22.632244434543942,23.385199292803645,25.67603207496513,28.125314828604424,0,0,0,0,0,0,0,0,0,0,0,0,0,0,0,0
2018-12-20,'300729,乐歌股份,22.42,0.9001,1.009001,0.9753422330043628,22.2223868956799,22.170842934279317,22.487531365461333,23.380739474859876,25.557503923565907,28.068890026718762,0,0,0,0,0,0,0,0,0,0,0,0,0,0,0,0
2018-12-21,'300729,乐歌股份,22.58,0.7136,1.007136,0.982302275179082,22.38096584856747,22.210488466785954,22.396837549444424,23.380739829522796,25.44632691155581,28.02176797753349,0,0,0,0,0,0,0,0,0,0,0,0,0,0,0,0
2018-12-24,'300729,乐歌股份,23.0,1.8601,1.018601,1.0005740797996883,22.797274194316678,22.289784405168685,22.39981103022766,23.371654646335102,25.331515774840724,27.974144094203616,0,0,0,0,0,0,0,0,0,0,0,0,0,0,0,0
2018-12-25,'300729,乐歌股份,22.84,-0.6957,0.993043,0.9936130859265219,22.638673557746817,22.41268960799013,22.401792920249573,23.349683869624894,25.23561969819927,27.93431786399109,1,0,0,0,0,0,0,0,0,0,0,0,0,0,0,0
2018-12-26,'300729,乐歌股份,22.84,0.0,1.0,0.9936130859265219,22.638673557746817,22.535594810811574,22.388906904646756,23.32639146948584,25.121138981605174,27.900244300926865,1,0,0,0,0,0,0,0,0,0,0,0,0,0,0,0
2018-12-27,'300729,乐歌股份,22.61,-1.0070000000000001,0.98993,0.9836074021512418,22.410702115020307,22.573257854679657,22.430536455580004,23.303264319388873,25.035072135945892,27.86541650683721,1,0,0,0,0,0,0,0,0,0,0,0,0,0,0,0
2018-12-28,'300729,乐歌股份,22.4,-0.9288,0.990712,0.9744716566000611,22.202551513775997,22.537574987721364,22.428057782540744,23.263286984292957,24.957347681065187,27.83472074479587,1,0,0,0,0,0,0,0,0,0,0,0,0,0,0,0
2019-01-02,'300729,乐歌股份,21.99,-1.8304,0.981696,0.9566349273976535,21.796156010867843,22.337351351031593,22.37354115541734,23.225126716908918,24.867894157717377,27.803463242870897,0,0,0,0,0,0,0,0,0,0,0,0,0,0,0,0
2019-01-03,'300729,乐歌股份,21.72,-1.2278,0.987722,0.9448893637590652,21.528542807366406,22.11532520095551,22.307625838027583,23.177550180436892,24.766216046176524,27.770859436420537,0,0,0,0,0,0,0,0,0,0,0,0,0,0,0,0
2019-01-04,'300729,乐歌股份,22.15,1.9797,1.019797,0.9635953384934035,21.954743369323843,21.978539163270916,22.279871242330092,23.136911587731774,24.66998944351485,27.735941472519613,0,0,0,0,0,0,0,0,0,0,0,0,0,0,0,0
2019-01-07,'300729,乐歌股份,22.44,1.3093,1.013093,0.9762116922602977,22.242196824258404,21.94483810511853,22.290277713306686,23.141702315571344,24.588382863460986,27.6986272068437,0,0,0,0,0,0,0,0,0,0,0,0,0,0,0,0
2019-01-08,'300729,乐歌股份,22.38,-0.2674,0.997326,0.9736013021951937,22.182721189950335,21.9408720403534,22.28284291558654,23.14335424206811,24.49323013356578,27.65697727984463,0,0,0,0,0,0,0,0,0,0,0,0,0,0,0,0
2019-01-09,'300729,乐歌股份,22.34,-0.1787,0.998213,0.9718614766681709,22.143080667183895,22.010256971616613,22.27639951992084,23.149796831227835,24.404685402544647,27.607446074512396,0,0,0,0,0,0,0,0,0,0,0,0,0,0,0,0
2019-01-10,'300729,乐歌股份,22.29,-0.2238,0.997762,0.9696864506833875,22.093524452650737,22.123253300673476,22.258557284524567,23.1565698427993,24.32068365781761,27.56941898487072,0,0,0,0,0,0,0,0,0,0,0,0,0,0,0,0
2019-01-11,'300729,乐歌股份,22.69,1.7945,1.017945,0.987087474040901,22.489992748953554,22.23030317659942,22.254591361152798,23.16185593290134,24.238003377327566,27.520329812795396,0,0,0,0,0,0,0,0,0,0,0,0,0,0,0,0
2019-01-14,'300729,乐歌股份,22.18,-2.2477,0.977523,0.9649007088868837,21.98448518193533,22.178760848134807,22.216924935553042,23.153430525300752,24.157718454112914,27.4730406542476,0,0,0,0,0,0,0,0,0,0,0,0,0,0,0,0
2019-01-15,'300729,乐歌股份,22.38,0.9017,1.009017,0.9736012185789168,22.182719284820838,22.17876046710891,22.21692399049237,23.12171233401706,24.077268198354396,27.427214211934057,0,0,0,0,0,0,0,0,0,0,0,0,0,0,0,0
2019-01-16,'300729,乐歌股份,22.5,0.5362,1.005362,0.978821668312937,22.301663025626052,22.21047693879734,22.211967416653522,23.075787260709888,23.999626222940794,27.387301005862824,0,0,0,0,0,0,0,0,0,0,0,0,0,0,0,0
2019-01-17,'300729,乐歌股份,22.03,-2.0889,0.979111,0.9583750624835481,21.83580358668375,22.158932765603943,22.202550218805733,23.039939401865183,23.933795763829195,27.342451051171576,0,0,0,0,0,0,0,0,0,0,0,0,0,0,0,0
2019-01-18,'300729,乐歌股份,22.18,0.6809,1.006809,0.9649006382839986,21.98448357330548,22.057830930474328,22.200567020289025,23.002604945178522,23.86441367441726,27.295240638132967,0,0,0,0,0,0,0,0,0,0,0,0,0,0,0,0
2019-01-21,'300729,乐歌股份,22.37,0.8566,1.008566,0.9731659771515394,22.172802659594417,22.095494426006145,22.19808780848475,22.979312206581124,23.795940145436596,27.255008974911007,0,0,0,0,0,0,0,0,0,0,0,0,0,0,0,0
2019-01-22,'300729,乐歌股份,22.39,0.0894,1.000894,0.9740359875351129,22.192625145172094,22.097475598076393,22.188670773314982,22.955193323403755,23.726062432892647,27.21529004033328,0,0,0,0,0,0,0,0,0,0,0,0,0,0,0,0
2019-01-23,'300729,乐歌股份,22.38,-0.0447,0.999553,0.9736005934486848,22.182705041732202,22.073684001297625,22.15794231568576,22.932230567648844,23.658992943237774,27.18057489265063,0,0,0,0,0,0,0,0,0,0,0,0,0,0,0,0
2019-01-24,'300729,乐歌股份,22.46,0.3575,1.003575,0.977081215570264,22.2620082122564,22.158924926412155,22.139109048411235,22.901668751965133,23.59712728344436,27.147477214029433,1,0,0,0,0,0,0,0,0,0,0,0,0,0,0,0
2019-01-25,'300729,乐歌股份,22.07,-1.7364,0.982636,0.9601151773431018,21.875450701658778,22.137118352082815,22.100947905606837,22.863508118276723,23.536996122579577,27.10916893402174,1,0,0,0,0,0,0,0,0,0,0,0,0,0,0,0
2019-01-28,'300729,乐歌股份,22.17,0.4531,1.004531,0.9644654592116435,21.974568368787995,22.097471493921528,22.07914121829522,22.831294387476156,23.486115993326358,27.066647065817996,1,0,0,0,0,0,0,0,0,0,0,0,0,0,0,0
2019-01-29,'300729,乐歌股份,21.39,-3.5183,0.964817,0.9305326709602003,21.20143712986893,21.8992338908609,22.029085499099867,22.778100491478867,23.43895274827783,27.024381861896895,0,0,0,0,0,0,0,0,0,0,0,0,0,0,0,0
2019-01-30,'300729,乐歌股份,21.16,-1.0753,0.989247,0.9205266531493652,20.973458076411447,21.65738449779675,21.987950602377047,22.731184128726333,23.394845537179666,26.9770675656924,0,0,0,0,0,0,0,0,0,0,0,0,0,0,0,0
2019-01-31,'300729,乐歌股份,20.5,-3.1191,0.968809,0.8918145063109834,20.319274945550095,21.268837844455486,21.92748720928623,22.693353743317648,23.347929848783938,26.935095753248014,0,0,0,0,0,0,0,0,0,0,0,0,0,0,0,0
2019-02-01,'300729,乐歌股份,21.08,2.8293,1.028293,0.9170466141380399,20.894168191584544,21.07258134244064,21.874458450399263,22.66279216485213,23.301509919377505,26.895896296615067,0,0,0,0,0,0,0,0,0,0,0,0,0,0,0,0
2019-02-11,'300729,乐歌股份,21.64,2.6565,1.026565,0.9414079574426168,21.449221769593986,20.967512022601838,21.83480969766604,22.641976946764647,23.26549728113939,26.85690757738428,0,0,0,0,0,0,0,0,0,0,0,0,0,0,0,0
2019-02-12,'300729,乐歌股份,21.86,1.0166,1.010166,0.9509783107379784,21.667274558103678,21.060679508248786,21.809037366073706,22.613397316797133,23.22551986956538,26.8194609184422,0,0,0,0,0,0,0,0,0,0,0,0,0,0,0,0
2019-02-13,'300729,乐歌股份,22.35,2.2415,1.022415,0.9722944895731703,22.152946517323574,21.29657719643121,21.80953065858069,22.575731866813726,23.18892899237166,26.786399917785463,0,0,0,0,0,0,0,0,0,0,0,0,0,0,0,0
2019-02-14,'300729,乐歌股份,22.28,-0.3132,0.996868,0.9692492632318271,22.083563488831313,21.649434905087453,21.80903261038972,22.53773600190942,23.151429452319174,26.752115744116328,0,0,0,0,0,0,0,0,0,0,0,0,0,0,0,0
2019-02-15,'300729,乐歌股份,22.0,-1.2567,0.987433,0.9570687077407928,21.80603934646717,21.831809136063978,21.7748349402654,22.492801843892007,23.110543458874428,26.716721473877733,1,0,0,0,0,0,0,0,0,0,0,0,0,0,0,0
2019-02-18,'300729,乐歌股份,22.59,2.6818,1.026818,0.9827353763449854,22.39083370966073,22.020131524077325,21.79515236665167,22.433990978019594,23.0831210010965,26.693516809856696,1,0,0,0,0,0,0,0,0,0,0,0,0,0,0,0
2019-02-19,'300729,乐歌股份,22.48,-0.4869,0.995131,0.9779504377975616,22.28181274032839,22.143039160522267,21.80010703942705,22.37716246059826,23.05396394606945,26.675037678802134,1,0,0,0,0,0,0,0,0,0,0,0,0,0,0,0
2019-02-20,'300729,乐歌股份,22.69,0.9342,1.009342,0.9870864507874664,22.489969434948534,22.21044374404726,21.809522359893172,22.33107178169161,23.03306682988292,26.65932184823218,1,0,0,0,0,0,0,0,0,0,0,0,0,0,0,0
2019-02-21,'300729,乐歌股份,22.59,-0.4407,0.995593,0.982736360798846,22.390856139648715,22.27190227421074,21.83727498754142,22.285807191191076,23.007792023914032,26.647425602539755,1,0,0,0,0,0,0,0,0,0,0,0,0,0,0,0
2019-02-22,'300729,乐歌股份,22.89,1.328,1.01328,0.9957870996702546,22.68820670918325,22.44833574675395,21.87246114433531,22.235090866389438,22.985408064776564,26.64684504297454,1,1,0,0,0,0,0,0,0,0,0,0,0,0,0,0
2019-02-25,'300729,乐歌股份,23.62,3.1892,1.031892,1.0275447418529384,23.411778997552524,22.65252480433231,21.934409961233214,22.206676378393116,22.973183750525063,26.640017579251378,1,1,0,0,0,0,0,0,0,0,0,0,0,0,0,0
2019-02-26,'300729,乐歌股份,23.82,0.8467,1.008467,1.0362449631822073,23.610006530324803,22.918163562331593,22.00527903049085,22.1969291177501,22.961372373283954,26.634849819858488,1,1,0,0,0,0,0,0,0,0,0,0,0,0,0,0
2019-02-27,'300729,乐歌股份,24.34,2.1830000000000003,1.02183,1.0588661907284749,24.125412972881794,23.245252269918247,22.10241442704833,22.220055924320597,22.955508064831,26.62985243321227,1,1,1,0,0,0,0,0,0,0,0,0,0,0,0,0
2019-02-28,'300729,乐歌股份,24.82,1.9721,1.019721,1.0797480908758312,24.601190242119998,23.6873190904125,22.21937352854151,22.253425165734125,22.948487558895167,26.62514269694564,1,1,1,0,0,0,0,0,0,0,0,0,0,0,0,0
2019-03-01,'300729,乐歌股份,25.14,1.2893,1.012893,1.0936692830114934,24.91837338791165,24.133352426158183,22.37151966285415,22.287124824369265,22.93964997382862,26.625090241870318,1,1,1,0,1,0,0,0,0,0,1,0,0,0,0,0
2019-03-04,'300729,乐歌股份,24.89,-0.9944,0.990056,1.0827938356612272,24.67058508294226,24.38511364323613,22.506320498561866,22.33866605747905,22.93106025633278,26.626331953413853,1,1,1,0,1,0,0,0,0,0,1,0,0,0,0,0
2019-03-05,'300729,乐歌股份,25.25,1.4464,1.014464,1.0984553657002312,25.027420425581937,24.66859642228756,22.697619663347517,22.38492098166273,22.932960526845584,26.62714914717783,1,1,1,0,1,0,0,0,0,0,1,0,0,0,0,0
2019-03-06,'300729,乐歌股份,25.45,0.7921,1.007921,1.1071562306519427,25.225662622772973,24.8886463522658,22.91022989066559,22.423907216153346,22.940973192255214,26.62726207830494,1,1,1,0,1,0,0,0,0,0,1,0,0,0,0,0
2019-03-07,'300729,乐歌股份,26.16,2.7898,1.027898,1.1380436751746705,25.92940815862309,25.154289935566414,23.19073655131924,22.47528319954437,22.958815164726136,26.62707720188262,1,1,1,0,1,1,0,0,0,0,1,0,0,0,0,0
2019-03-08,'300729,乐歌股份,25.89,-1.0321,0.989679,1.1262979264031927,25.66179073701794,25.30297340538767,23.429117678590913,22.52781579044011,22.973353145281926,26.625270237353295,1,1,1,0,1,1,0,0,0,0,1,0,0,0,0,0
2019-03-11,'300729,乐歌股份,26.44,2.1244,1.021244,1.1502249995517022,26.20694981943515,25.61024635268625,23.667004081082972,22.59736383068525,22.99532511373857,26.62855964166804,1,1,1,0,1,1,0,0,0,0,1,0,0,0,0,0
2019-03-12,'300729,乐歌股份,26.19,-0.9455,0.990545,1.139349622180941,25.959163108892394,25.79659488934834,23.881598508622407,22.65782626342757,23.020848802253397,26.62798151948811,1,1,1,0,1,1,0,0,0,0,1,0,0,0,0,0
2019-03-13,'300729,乐歌股份,26.3,0.42,1.0042,1.144134890594101,26.06819159394974,25.965100683583692,24.077360762453715,22.721096980318432,23.04777657601291,26.63020367057525,1,1,1,0,1,1,0,0,0,0,1,0,0,0,0,0
2019-03-14,'300729,乐歌股份,25.1,-4.5627,0.954373,1.0919314479409639,24.878778216092595,25.754974695077596,24.217121498816777,22.76157046457704,23.071895976535565,26.620969871915253,1,1,1,0,1,1,0,0,0,0,1,0,0,0,0,0
2019-03-15,'300729,乐歌股份,25.86,3.0279,1.030279,1.1249940402531682,25.632082741697662,25.74903309601354,24.4084236685783,22.812616656665515,23.10097128290987,26.61502507859731,1,1,1,0,1,1,0,0,0,0,1,0,0,0,0,0
2019-03-18,'300729,乐歌股份,26.49,2.4362,1.024362,1.152401145061816,26.2565315414509,25.75894944041669,24.601708560167815,22.871261954124186,23.132772337911938,26.61090825893592,1,1,1,0,1,1,0,0,0,0,1,0,0,0,0,0
2019-03-19,'300729,乐歌股份,26.5,0.0378,1.000378,1.1528367526946492,26.26645651037357,25.82040812071292,24.80094074867007,22.939323926196504,23.162012995293036,26.602536364231913,1,1,1,0,1,1,0,0,0,0,1,0,0,0,0,0
2019-03-20,'300729,乐歌股份,26.5,0.0,1.0,1.1528367526946492,26.26645651037357,25.860061103997687,24.98976510244132,23.003751626329347,23.196374676579122,26.587820805308382,1,1,1,0,1,1,0,0,0,0,1,0,0,0,0,0
2019-03-21,'300729,乐歌股份,25.98,-1.9623,0.980377,1.1302146370965223,25.75102983427051,26.034511427633266,25.157773787172413,23.065866331173194,23.22842349254138,26.573171216421574,1,1,1,0,1,1,0,0,0,0,1,0,0,0,0,0
2019-03-22,'300729,乐歌股份,26.12,0.5389,1.005389,1.1363053637758356,25.8898021340474,26.08605530610321,25.31785355841562,23.130293907679988,23.25774660024181,26.5640413502598,1,1,1,0,1,1,0,0,0,0,1,0,0,0,0,0
2019-03-25,'300729,乐歌股份,25.59,-2.0291,0.979709,1.11324859163946,25.364472158945443,25.907643429602114,25.41548821648527,23.182661995401084,23.281700735130467,26.551312864462098,1,1,1,0,1,1,0,0,0,0,1,0,0,0,0,0
2019-03-26,'300729,乐歌股份,24.6,-3.8687,0.961313,1.0701803433747044,24.38319682453232,25.530991492433863,25.454147731195647,23.216032511667162,23.298386170594963,26.537969083576076,1,1,1,0,1,1,0,0,0,0,1,0,0,0,0,0
2019-03-27,'300729,乐歌股份,25.07,1.9106,1.019106,1.0906272090152216,24.84906218306184,25.247512626971517,25.490330191704647,23.250228978146247,23.31094181224066,26.526212903222532,0,1,1,0,1,1,0,0,0,0,0,0,0,0,0,0
2019-03-28,'300729,乐歌股份,24.92,-0.5983,0.994017,1.0841019864236836,24.700390244020582,25.03738470892153,25.495290191799675,23.284590922917474,23.31713739627117,26.512364811893033,0,1,1,0,1,1,0,0,0,0,0,0,0,0,0,0
2019-03-29,'300729,乐歌股份,25.54,2.488,1.02488,1.1110744438459048,25.314935953291812,24.922411472770413,25.515118320068687,23.329195296176557,23.32779338283119,26.497862168208115,0,1,1,0,1,1,0,1,0,0,0,0,0,1,0,0
2019-04-01,'300729,乐歌股份,26.75,4.7377,1.047377,1.1637138177719923,26.514281673950922,25.152373375771507,25.60730314961912,23.3975882888254,23.350426304107124,26.491269642243267,0,1,1,0,1,1,0,1,0,0,0,0,0,1,0,0
2019-04-02,'300729,乐歌股份,26.58,-0.6355,0.993645,1.1563184164600513,26.34578341391296,25.544890693647638,25.673221299035674,23.46664215382769,23.364964569060305,26.480732791171878,0,1,1,0,1,1,0,1,0,0,0,0,0,1,0,0
2019-04-03,'300729,乐歌股份,26.64,0.2257,1.002257,1.1589282271260015,26.405245847078163,25.8561274264509,25.73220046025093,23.543460317764524,23.384293517336705,26.482017905746893,1,1,1,0,1,1,0,1,0,0,1,1,0,1,0,0
2019-04-04,'300729,乐歌股份,27.1,1.7267,1.017267,1.178939440823786,26.86118522711966,26.288286423070712,25.77878931367576,23.63233769142708,23.40494393593197,26.482211007652214,1,1,1,0,1,1,0,1,0,0,1,1,0,1,0,0
2019-04-08,'300729,乐歌股份,26.5,-2.214,0.97786,1.1528377216039474,26.266478586191226,26.478594949650596,25.809023706134422,23.704199945041534,23.42055576638664,26.476794327368857,1,1,1,1,1,1,0,1,0,0,1,1,0,1,0,0
2019-04-09,'300729,乐歌股份,26.6,0.3774,1.003774,1.1571885311652805,26.365608276375507,26.44886027013551,25.816956628981437,23.772923469243487,23.4573128924074,26.470395122100086,1,1,1,0,1,1,0,1,0,0,1,1,0,1,0,0
2019-04-10,'300729,乐歌股份,25.75,-3.1955,0.968045,1.120210571651894,25.52309526390393,26.284322640133706,25.795153236732013,23.828596370476046,23.485975306272064,26.46015302563602,1,1,1,0,1,1,0,1,0,0,1,1,0,1,0,0
2019-04-11,'300729,乐歌股份,25.3,-1.7476,0.982524,1.1006337717017054,25.077053651071942,26.018684200932462,25.745596339588122,23.877495920207515,23.51364637571766,26.446393104729065,1,1,1,0,1,1,0,1,0,0,1,1,0,1,0,0
2019-04-12,'300729,乐歌股份,24.99,-1.2253,0.987747,1.0871477060970445,24.76978451268536,25.600404058045605,25.74014665441776,23.922100254541427,23.53933504867035,26.42959167866342,0,1,1,0,1,1,0,1,0,0,0,0,0,1,0,0
2019-04-15,'300729,乐歌股份,24.95,-0.1601,0.998399,1.0854071826195832,24.730128087680555,25.293133958343468,25.695048921716904,23.95943584352021,23.56064588821076,26.409794754807635,0,1,1,0,1,1,0,1,0,0,0,0,0,1,0,0
2019-04-16,'300729,乐歌股份,25.55,2.4048,1.024048,1.111509054547219,25.324838207933098,25.08497994465499,25.648464255041013,24.015108393953504,23.584269459627116,26.390918821316234,0,1,1,0,1,1,0,1,0,0,0,0,0,1,0,0
2019-04-17,'300729,乐歌股份,25.54,-0.0391,0.999609,1.1110744545068911,25.3149361961938,25.043348131112968,25.600888239332022,24.067312009143052,23.594512171580043,26.36699930103067,0,1,1,0,1,1,0,1,0,0,0,0,0,1,0,0
2019-04-18,'300729,乐歌股份,25.41,-0.509,0.99491,1.105419085533451,25.186083170955165,25.065154035089613,25.5468695723611,24.11538567823187,23.595586469470863,26.345992277638842,0,1,1,0,1,1,0,1,0,0,0,0,0,1,0,0
2019-04-19,'300729,乐歌股份,25.68,1.0626,1.010626,1.1171652687363294,25.453710490729737,25.201939230698493,25.53200360518406,24.175684126632635,23.607811764248897,26.32101233535203,0,1,1,0,1,1,0,1,0,0,0,0,0,1,0,0
2019-04-22,'300729,乐歌股份,25.32,-1.4019,0.985981,1.1015037288339147,25.096874923360193,25.275288597834418,25.492357244649703,24.227557315800215,23.61508113048936,26.2985451987163,0,1,1,0,1,1,0,1,0,0,0,0,0,1,0,0
2019-04-23,'300729,乐歌股份,24.62,-2.7646,0.972354,1.0710515567465724,24.403046719228982,25.090930300093593,25.44428597266388,24.26472805012746,23.62202012835428,26.27464235621858,0,1,1,0,1,1,0,1,0,0,0,0,0,1,0,0
2019-04-24,'300729,乐歌股份,24.88,1.0561,1.010561,1.082362932237373,24.660767295630755,24.960096519980983,25.458164496218803,24.3058637526351,23.630528538019416,26.253307075087935,0,1,1,0,1,1,0,1,0,0,0,0,0,1,0,0
2019-04-25,'300729,乐歌股份,24.9,0.0804,1.000804,1.0832331520348917,24.680594552536444,24.858998796297236,25.449741114692536,24.347495244481838,23.639862906065332,26.233193776793296,0,1,1,0,1,1,0,1,0,0,0,0,0,1,0,0
2019-04-26,'300729,乐歌股份,25.7,3.2129,1.032129,1.1180363499766208,25.47355737491489,24.86296817313427,25.48839947123725,24.40102106385948,23.651344907912296,26.21751317631589,0,1,1,0,1,1,0,1,0,0,0,0,0,1,0,0
2019-04-29,'300729,乐歌股份,24.42,-4.9805,0.950195,1.0623525495660353,24.204846849857255,24.68456255843368,25.432895016065522,24.43984433299612,23.651676225636415,26.199752247082934,0,1,1,0,1,1,0,1,0,0,0,0,0,1,0,0
2019-04-30,'300729,乐歌股份,24.23,-0.7781,0.992219,1.0540863843778618,24.016508936518512,24.607255001891584,25.308006379193905,24.47387667579163,23.652585531633886,26.18470528115824,0,1,1,0,1,1,0,1,0,0,0,0,0,1,0,0
2019-05-06,'300729,乐歌股份,22.8,-5.9018,0.940982,0.9918763141446492,22.599102612103064,24.194922065186045,25.120672339103407,24.497171100495528,23.637635795987194,26.166904406212726,0,0,1,0,1,1,0,1,0,0,0,0,0,1,0,0
2019-05-07,'300729,乐歌股份,23.2,1.7544,1.017544,1.009277792200003,22.995581268329797,23.857919408344717,24.95018911016599,24.53087315369417,23.63102864121025,26.14643404665758,0,0,1,0,1,1,0,1,0,0,0,0,0,1,0,0
2019-05-08,'300729,乐歌股份,22.9,-1.2931,0.987069,0.9962268210690647,22.698225406949025,23.30285301475154,24.74204111915746,24.570522328050814,23.631938035684232,26.124537888113817,0,0,0,0,1,1,0,1,0,0,0,0,0,1,0,0
2019-05-09,'300729,乐歌股份,22.51,-1.7031,0.982969,0.9792600820794374,22.311651930043276,22.924214030788743,24.54429978635006,24.594147057025125,23.62846961093863,26.10345953945577,0,0,0,0,0,1,0,1,0,0,0,0,0,0,0,0
2019-05-10,'300729,乐歌股份,23.05,2.3989,1.023989,1.0027515521884411,22.84688614819309,22.69028947312366,24.368363679940938,24.617441463335112,23.62970920504988,26.0734896320325,0,0,0,0,0,1,0,1,0,0,0,0,0,0,0,0
2019-05-13,'300729,乐歌股份,22.86,-0.8243,0.991757,0.9944858711437519,22.658559265673535,22.702180803837756,24.225136880029417,24.633962875127946,23.623680095962538,26.048006874572113,0,0,0,0,0,1,0,1,0,0,0,0,0,0,0,0
2019-05-14,'300729,乐歌股份,22.77,-0.3937,0.996063,0.990570580269059,22.569352517844575,22.616935053740708,24.09975182336805,24.64090297513663,23.60831742097518,26.0229158963841,0,0,0,0,0,1,0,1,0,0,0,0,0,0,0,0
2019-05-15,'300729,乐歌股份,23.06,1.2736,1.012736,1.0031864871793659,22.85679579151185,22.648649130653272,24.004102387309374,24.653790180181307,23.595763091045363,26.001890396567237,0,0,0,0,0,1,0,1,0,0,0,0,0,0,0,0
2019-05-16,'300729,乐歌股份,23.38,1.3877,1.013877,1.0171077060619538,23.173979546710655,22.821114653986747,23.92629496026088,24.676589183518697,23.584695513705356,25.97602632655836,0,0,0,0,0,1,0,1,0,0,0,0,0,0,0,0
2019-05-17,'300729,乐歌股份,22.68,-2.9939999999999998,0.97006,0.9866555013424589,22.48015059908214,22.747767544164557,23.78406057981833,24.67807779834239,23.556034388180993,25.946086693368432,0,0,0,0,0,1,0,1,0,0,0,0,0,0,0,0
2019-05-20,'300729,乐歌股份,23.2,2.2928,1.022928,1.0092775386772388,22.995575492017895,22.81517078943343,23.668092544609536,24.689973844203884,23.533568152401074,25.918169325732737,0,0,0,0,0,1,0,1,0,0,0,0,0,0,0,0
2019-05-21,'300729,乐歌股份,23.54,1.4655,1.014655,1.0240685010065538,23.332575650853418,22.9678154160352,23.57541716860445,24.70401728113563,23.517544531413623,25.888093253095484,0,0,0,0,0,1,0,1,0,0,0,0,0,0,0,0
2019-05-22,'300729,乐歌股份,22.9,-2.7188,0.972812,0.9962261266011876,22.698209584058016,22.936098174544433,23.437642123270862,24.709139838542452,23.49747351486677,25.860010951477136,0,0,0,0,0,0,0,1,0,0,0,0,0,0,0,0
2019-05-23,'300729,乐歌股份,22.7,-0.8734,0.991266,0.9875250876114527,22.49996342155085,22.801294949512474,23.307796548180395,24.706002450415244,23.470546658402345,25.830899222555388,0,0,0,0,0,0,0,1,0,0,0,0,0,0,0,0
2019-05-24,'300729,乐歌股份,22.7,0.8889,1.008889,0.9963031981152308,22.69996559640501,22.84525794897705,23.222642492039196,24.694138893729452,23.45040763606129,25.79695304802937,0,0,0,0,0,0,0,1,0,0,0,0,0,0,0,0
2019-05-27,'300729,乐歌股份,22.99,1.2775,1.012775,1.009030971471153,22.98995765689909,22.84413438195329,23.13910201010261,24.683804745839023,23.440366931794568,25.767082530866062,0,0,0,0,0,0,0,1,0,0,0,0,0,0,0,0
2019-05-28,'300729,乐歌股份,22.77,-0.9569,0.990431,0.9993755541051454,22.769966752080222,22.731612602198652,23.0435706200798,24.661213975492327,23.440634949906464,25.734480106966714,0,0,0,0,0,0,0,1,0,0,0,0,0,0,0,0
2019-05-29,'300729,乐歌股份,22.94,0.7466,1.007466,1.0068368919920945,22.939967323851253,22.779964150157298,22.91689111752662,24.633526926854515,23.44347604629432,25.700311738633857,0,0,0,0,0,0,0,1,0,0,0,0,0,0,0,0
2019-05-30,'300729,乐歌股份,22.51,-1.8745,0.981255,0.9879637344517026,22.50995763636566,22.781962993120263,22.83214665685204,24.593386664328747,23.44025574434901,25.663083706959164,0,0,0,0,0,0,0,1,0,0,0,0,0,0,0,0
2019-05-31,'300729,乐歌股份,22.7,0.8441,1.008441,0.9963031363342093,22.699964188774217,22.781962711594105,22.76631941946483,24.560542982759276,23.449604520119166,25.623880078795686,1,0,0,0,0,0,0,1,0,0,0,0,0,0,0,0
2019-06-03,'300729,乐歌股份,22.33,-1.63,0.9837,0.9800633952119617,22.3299547724972,22.649962134713725,22.752862027484532,24.515585221874527,23.450253101768634,25.584346163787718,0,0,0,0,0,0,0,1,0,0,0,0,0,0,0,0
2019-06-04,'300729,乐歌股份,21.98,-1.5674,0.984326,0.9647018815554095,21.979955061393078,22.491959796576293,22.702080717137697,24.461490095851534,23.442698656002445,25.541152413146726,0,0,0,0,0,0,0,1,0,0,0,0,0,0,0,0
2019-06-05,'300729,乐歌股份,22.25,1.2284,1.012284,0.9765522794684361,22.249956829367232,22.353957697679487,22.67966728825861,24.4001659070306,23.43772455328749,25.496144468613878,0,0,0,0,0,0,0,1,0,0,0,0,0,0,0,0
2019-06-06,'300729,乐歌股份,21.97,-1.2584,0.987416,0.9642633455836053,21.969963372626474,22.24595884493165,22.66258286038777,24.33863545095741,23.433225620698764,25.45528962206861,0,0,0,0,0,0,0,1,0,0,0,0,0,0,0,0
2019-06-10,'300729,乐歌股份,22.05,0.3641,1.003641,0.9677742284248751,22.049956009266207,22.11595720903005,22.622736353441425,24.26935222078793,23.433358025736595,25.409600594884562,0,0,0,0,0,0,0,1,0,0,0,0,0,0,0,0
2019-06-11,'300729,乐歌股份,22.55,2.2676,1.022676,0.9897194768286376,22.549960811732326,22.159958416877075,22.617306430744364,24.212532182501928,23.435179222964756,25.37447538561219,0,0,0,0,0,0,0,1,0,0,0,0,0,0,0,0
2019-06-12,'300729,乐歌股份,22.38,-0.7539,0.992461,0.9822579816928265,22.379956657172674,22.239958736032996,22.60783663771077,24.15106160022231,23.43607929027038,25.330383917899105,0,0,0,0,0,0,0,1,0,0,0,0,0,0,0,0
2019-06-13,'300729,乐歌股份,22.44,0.2681,1.002681,0.984891415341745,22.439957320970557,22.27795883435366,22.586994714183707,24.11041458530361,23.435992524940335,25.28268671895617,0,0,0,0,0,0,0,1,0,0,0,0,0,0,0,0
2019-06-14,'300729,乐歌股份,21.9,-2.4064,0.975936,0.9611909883229612,21.899962187998717,22.263958597428115,22.52329384624811,24.048212576075294,23.430414616370417,25.236278886147673,0,0,0,0,0,0,0,1,0,0,0,0,0,0,0,0
2019-06-17,'300729,乐歌股份,21.94,0.1826,1.001826,0.962946123067639,21.939951518954008,22.241957699365678,22.4962838922417,23.97626957570035,23.42376576491228,25.183290960311233,0,0,0,0,0,0,0,1,0,0,0,0,0,0,0,0
2019-06-18,'300729,乐歌股份,21.84,-0.4558,0.995442,0.9585570146386968,21.839949219930617,22.099955381005337,22.438502578637337,23.902494454192965,23.420909190194745,25.119991147754238,0,0,0,0,0,0,0,1,0,0,0,0,0,0,0,0
2019-06-19,'300729,乐歌股份,22.08,1.0989,1.010989,0.9690905976725613,22.079948421908433,22.03995373395249,22.375871217190088,23.832719319385216,23.41823547285729,25.060228364624574,0,0,0,0,0,0,0,1,0,0,0,0,0,0,0,0
2019-06-20,'300729,乐歌股份,22.33,1.1322,1.011322,0.9800626414194101,22.32993759794128,22.01794978934663,22.357457617884254,23.7757011154464,23.420783723309803,25.002456654885677,0,0,0,0,0,0,0,1,0,0,0,0,0,0,0,0
2019-06-21,'300729,乐歌股份,22.74,1.8361,1.018361,0.9980575715785119,22.73993758217708,22.185944868182304,22.369456325915568,23.72320337291523,23.426748640297614,24.951875588423217,0,0,0,0,0,0,0,1,0,0,0,0,0,0,0,0
2019-06-24,'300729,乐歌股份,23.3,2.4626,1.024626,1.0226357373362045,23.299931285075775,22.45794082140666,22.399454610349103,23.68879435835073,23.435728176875912,24.903653391058455,1,0,0,0,0,0,0,1,0,0,0,0,0,0,0,0
2019-06-25,'300729,乐歌股份,23.13,-0.7296,0.992704,1.0151745869965996,23.129934986419862,22.71593797470451,22.406453476825142,23.667906661048853,23.441969586358017,24.85772474584166,1,0,0,0,0,0,0,1,0,0,0,0,0,0,0,0
2019-06-26,'300729,乐歌股份,23.16,0.1297,1.001297,1.0164912684359342,23.15993451209725,22.93193519274227,22.425951864825997,23.639754533199444,23.444991755672852,24.807079127495154,1,0,0,0,0,0,0,1,0,0,0,0,0,0,0,0
2019-06-27,'300729,乐歌股份,23.2,0.1727,1.001727,1.018246748856523,23.199931718999643,23.105934016953942,22.438950084583418,23.61474689111576,23.44966890701663,24.763888585326388,1,0,0,0,0,0,0,1,0,0,0,0,0,0,0,0
2019-06-28,'300729,乐歌股份,22.99,-0.9052,0.990948,1.009029579285874,22.98992593707926,23.155931687934377,22.462948499619095,23.575996724178886,23.452596010177732,24.727708194300824,1,0,0,0,0,0,0,1,0,0,0,0,0,0,0,0
2019-07-01,'300729,乐歌股份,23.35,1.5659,1.015659,1.0248299734679114,23.349925187327983,23.165930468384822,22.495446549546784,23.523257449401836,23.460422869113632,24.68717932777503,1,0,0,0,0,0,0,1,0,0,0,0,0,0,0,0
2019-07-02,'300729,乐歌股份,23.33,-0.0857,0.999143,1.0239516941806495,23.329914301442447,23.20592633138934,22.545444525994046,23.47299296419399,23.46981755901085,24.6462929177143,1,0,0,0,0,0,0,1,0,0,0,0,0,0,0,0
2019-07-03,'300729,乐歌股份,23.14,-0.8144,0.991856,1.015612631583242,23.139915479371496,23.201922524844186,22.603442546892968,23.418570791398874,23.481015554581713,24.598104771822452,1,0,0,0,0,0,0,0,0,0,0,0,0,0,0,0
2019-07-04,'300729,乐歌股份,23.33,0.8211,1.008211,1.023951826901172,23.329917325372616,23.227919646118785,22.657440571693236,23.35971632636976,23.496027008898434,24.552817548219192,1,0,0,0,0,0,0,0,0,0,0,0,0,0,0,0
2019-07-05,'300729,乐歌股份,23.77,1.886,1.01886,1.0432635583565282,23.76991956612914,23.38391837192876,22.74743838136837,23.318107009368724,23.511153477205145,24.500131744523383,1,1,0,0,0,0,0,0,0,0,0,0,0,0,0,0
2019-07-08,'300729,乐歌股份,23.4,-1.5566,0.984434,1.0270241178071504,23.399916998162773,23.39391673409572,22.814936430813198,23.268678821398513,23.520801145321013,24.44794835226169,1,1,0,0,0,0,0,0,0,0,0,0,0,0,0,0
2019-07-09,'300729,乐歌股份,23.42,0.0855,1.000855,1.0279022234278756,23.419923927196205,23.41191865924647,22.85843458658639,23.233625965786715,23.531111168131396,24.39873921881136,1,1,0,0,0,0,0,0,0,0,0,0,0,0,0,0
2019-07-10,'300729,乐歌股份,23.16,-1.1102,0.988898,1.0164904529433794,23.159915931756473,23.415918749723467,22.89743255031558,23.201673670464793,23.539584795336168,24.345080440137878,1,1,0,0,0,0,0,0,0,0,0,0,0,0,0,0
2019-07-11,'300729,乐歌股份,23.13,-0.1295,0.998705,1.0151740978068176,23.129923840624844,23.375920052773914,22.931930876298292,23.174342659263782,23.54822145690262,24.30101532448149,1,1,0,0,0,0,0,0,0,0,0,0,0,0,0,0
2019-07-12,'300729,乐歌股份,23.5,1.5997,1.015997,1.0314138378494333,23.499933232303324,23.32192278600875,23.011929428513522,23.15383941167416,23.556637627597198,24.24950961921455,1,1,0,0,0,0,0,0,0,0,0,0,0,0,0,0
2019-07-15,'300729,乐歌股份,23.75,1.0638,1.010638,1.0423860182564755,23.749925522028562,23.3919244907819,23.10242812866725,23.127590866909088,23.57134963043131,24.213554426926127,1,1,0,0,0,0,0,0,0,0,0,0,0,0,0,0
2019-07-16,'300729,乐歌股份,24.11,1.5158,1.015158,1.0581865055212072,24.109926893091476,23.529925083960954,23.215927012325295,23.10750737852405,23.587409693833568,24.183876190100648,1,1,0,0,1,0,0,0,0,0,1,0,0,0,0,0
2019-07-17,'300729,乐歌股份,23.54,-2.3642,0.976358,1.0331688601576747,23.539920001485005,23.605925897906662,23.288925591304125,23.080071325699542,23.597728501965722,24.147913554856167,1,1,1,0,1,0,0,0,0,0,1,0,0,0,0,0
2019-07-18,'300729,乐歌股份,22.76,-3.3135,0.966865,0.9989348099763502,22.7599247522358,23.531926080228853,23.31042494901885,23.035174896724644,23.605429511678658,24.104033589096037,1,1,0,0,1,0,0,0,0,0,1,0,0,0,0,0
2019-07-19,'300729,乐歌股份,22.8,0.1757,1.001757,1.0006899384374786,22.799913940025476,23.39192222177329,23.313423766911267,22.996892213669064,23.612224764734655,24.061225502101237,1,1,0,0,1,0,0,0,0,0,1,0,0,0,0,0
2019-07-22,'300729,乐歌股份,22.2,-2.6316,0.973684,0.9743557820175579,22.199911404779765,23.081919398323528,23.258422772896466,22.960173291761578,23.612450670944536,24.021885201997467,0,1,0,0,1,0,0,0,0,0,0,0,0,0,0,0
2019-07-23,'300729,乐歌股份,22.28,0.3604,1.003604,0.9778673602559491,22.279919885482588,22.71591799680175,23.2159220178496,22.92049250159244,23.613178127113787,23.976600686429897,0,0,0,0,1,0,0,0,0,0,0,0,0,0,0,0
2019-07-24,'300729,乐歌股份,22.47,0.8528,1.008528,0.986206613104212,22.46992304226599,22.501918604957943,23.181421444358037,22.88364797642127,23.61557161045157,23.93540658504008,0,0,0,0,1,0,0,0,0,0,0,0,0,0,0,0
2019-07-25,'300729,乐歌股份,22.86,1.7356,1.017356,1.0033232150812486,22.859911026587554,22.521915859828294,23.16442040973743,22.840087203949146,23.62055413390433,23.89815129386685,0,0,0,0,1,0,0,0,0,0,0,0,0,0,0,0
2019-07-26,'300729,乐歌股份,22.8,-0.2625,0.997375,1.0006894916416602,22.79990376014276,22.521913823851754,23.154919300890604,22.81667148578724,23.6282579093917,23.859704403276385,0,0,0,0,1,0,0,0,0,0,0,0,0,0,0,0
2019-07-29,'300729,乐歌股份,22.64,-0.7018,0.992982,0.9936666527893191,22.63989403555408,22.609910350006615,23.119417743301913,22.7937279041045,23.633802289948083,23.823789275547824,0,0,0,0,1,0,0,0,0,0,0,0,0,0,0,0
2019-07-30,'300729,乐歌股份,22.79,0.6625,1.006625,1.0002496943640484,22.789883333539628,22.711903039618026,23.09241619490677,22.796907582795107,23.64703934164534,23.78760180897861,0,0,0,0,1,0,0,0,0,0,0,0,0,0,0,0
2019-07-31,'300729,乐歌股份,22.75,-0.1755,0.998245,0.9984942561504395,22.749887088289267,22.767895848822683,23.07291477535266,22.792812679794437,23.66184291674432,23.75212655703074,0,0,0,0,1,0,0,0,0,0,0,0,0,0,0,0
2019-08-01,'300729,乐歌股份,22.51,-1.0549,0.989451,0.9879611402423085,22.5098985293949,22.697893349384152,23.031913835553773,22.789673898501867,23.680098113276358,23.723224316428016,0,0,0,0,1,0,0,0,0,0,0,0,0,0,0,0
2019-08-02,'300729,乐歌股份,22.15,-1.5993,0.984007,0.9721606777264132,22.14989772221429,22.567892141798456,22.95091274335803,22.78697799503805,23.69056252603161,23.69058257010592,0,0,0,0,1,0,0,0,0,0,0,0,0,0,0,0
2019-08-05,'300729,乐歌股份,21.81,-1.535,0.98465,0.9572380113233128,21.809896792178296,22.4018926931233,22.871411733058807,22.76969483910447,23.693568151219814,23.656263652725542,0,0,0,0,1,0,0,0,0,1,0,0,0,0,0,0
2019-08-06,'300729,乐歌股份,21.25,-2.5676,0.974324,0.9326599681445753,21.249905882142325,22.09389720284384,22.762910830806113,22.74621728271228,23.690090078920136,23.618951473652327,0,0,0,0,1,0,0,0,0,1,0,0,0,0,0,0
2019-08-07,'300729,乐歌股份,21.47,1.0353,1.010353,0.9423157967947762,21.469906157740148,21.837901016734016,22.6784103421053,22.727893176710538,23.684398075923607,23.583906923082022,0,0,0,0,0,0,0,0,0,1,0,0,0,0,0,0
2019-08-08,'300729,乐歌股份,21.51,0.1863,1.001863,0.9440713311242048,21.509904592912015,21.637902229437437,22.597409379719657,22.70544499006721,23.67961758512428,23.551202991903804,0,0,0,0,0,0,0,0,0,1,0,0,0,0,0,0
2019-08-09,'300729,乐歌股份,21.27,-1.1158,0.988842,0.9335373832115209,21.269897077464304,21.461902100487443,22.485907571977705,22.673710282246436,23.67514973288259,23.51991782019193,0,0,0,0,0,0,0,0,0,1,0,0,0,0,0,0
2019-08-12,'300729,乐歌股份,21.5,1.0813,1.010813,0.943631722936187,21.499888474562926,21.39990043696437,22.373405719604424,22.657372580171117,23.667725189256775,23.493596638573486,0,0,0,0,0,0,0,0,0,1,0,0,0,0,0,0
2019-08-13,'300729,乐歌股份,21.11,-1.814,0.98186,0.9265142434821245,21.10988049763435,21.371895360062776,22.223403399831568,22.625944330264723,23.657959087234325,23.470592054421257,0,0,0,0,0,0,0,0,0,1,0,0,0,0,0,0
2019-08-14,'300729,乐歌股份,21.43,1.5159,1.015159,0.9405592728990699,21.429885176097986,21.363891163734344,22.117901658562214,22.594232822352133,23.64912505174391,23.45124630149288,0,0,0,0,0,0,0,0,0,1,0,0,0,0,0,0
2019-08-15,'300729,乐歌股份,21.21,-1.0266,0.989734,0.930903491403488,21.209885974880166,21.303887440127973,22.040399719694435,22.569427428865833,23.63928363370417,23.43228921518025,0,0,0,0,0,0,0,0,0,1,0,0,0,0,0,0
2019-08-16,'300729,乐歌股份,21.36,0.7072,1.007072,0.9374868408946935,21.359882288494518,21.321884482334013,21.968398137117887,22.55042607664823,23.628214263531767,23.411870505452804,0,0,0,0,0,0,0,0,0,1,0,0,0,0,0,0
2019-08-19,'300729,乐歌股份,21.86,2.3408,1.023408,0.9594315328663565,21.8598744131036,21.39388167004215,21.95139628753408,22.536424556926537,23.615281725328025,23.396227049672547,0,0,0,0,0,0,0,0,0,1,0,0,0,0,0,0
2019-08-20,'300729,乐歌股份,21.85,-0.0457,0.999543,0.9589930726558366,21.84988445049681,21.54188246061464,21.92989451578479,22.51742333681983,23.600614041329457,23.377768331686596,0,0,0,0,0,0,0,0,0,1,0,0,0,0,0,0
2019-08-21,'300729,乐歌股份,21.7,-0.6865,0.993135,0.9524095852120542,21.69988499374415,21.595882424143873,21.8913926133587,22.499588640847566,23.58040130816998,23.358392464539296,0,0,0,0,0,0,0,0,0,1,0,0,0,0,0,0
2019-08-22,'300729,乐歌股份,21.5,-0.9217,0.990783,0.9436312260651547,21.499877153756806,21.653880659919203,21.823390919717163,22.47558713801266,23.554557032433614,23.3380579399738,0,0,0,0,0,0,0,0,0,1,0,0,0,0,0,0
2019-08-23,'300729,乐歌股份,21.32,-0.8372,0.991628,0.9357311454405371,21.319880182225553,21.645880238665406,21.749389740821307,22.45575251377699,23.524569589052895,23.316488026463357,0,0,0,0,0,0,0,0,0,1,0,0,0,0,0,0
2019-08-26,'300729,乐歌股份,22.69,6.4259,1.064259,0.9958602931154007,22.689874362855186,21.811880228615724,21.75188875718636,22.455584350011673,23.508063666385507,23.30452140934273,1,0,0,0,0,0,0,0,0,1,0,0,0,0,0,0
2019-08-27,'300729,乐歌股份,22.04,-2.8647,0.971353,0.9673318832985238,22.039877531982476,21.84987884491286,21.714388467108503,22.45074972933643,23.48316747560551,23.289558282096365,1,0,0,0,0,0,0,0,0,1,0,0,0,0,0,0
2019-08-28,'300729,乐歌股份,21.62,-1.9056,0.980944,0.9488984069303872,21.61988562573302,21.833878971310632,21.65788839398069,22.444748572075426,23.453119333963507,23.27604733108997,1,0,0,0,0,0,0,0,0,1,0,0,0,0,0,0
2019-08-29,'300729,乐歌股份,21.5,-0.555,0.99445,0.9436320207719234,21.499895260510197,21.833882592661308,21.607388230536458,22.432247545927808,23.41620672647923,23.260351580708345,1,0,0,0,0,0,0,0,0,1,0,0,0,0,0,0
2019-08-30,'300729,乐歌股份,21.08,-1.9535,0.980465,0.925198169246144,21.07989480659613,21.785885517535423,21.55388808475555,22.4174130698273,23.378024260392387,23.243174032712012,1,0,0,0,0,0,0,0,0,1,0,0,0,0,0,0
2019-09-02,'300729,乐歌股份,21.3,1.0436,1.010436,0.9348535373403966,21.299884588797763,21.507887562723937,21.528387474586523,22.40491187948616,23.337132050137075,23.228858784236277,0,0,0,0,0,0,0,0,0,1,0,0,0,0,0,0
2019-09-03,'300729,乐歌股份,21.27,-0.1408,0.998592,0.9335372635598214,21.26989435129674,21.353890926586793,21.529386898044244,22.3835774384789,23.298054810490445,23.21382887444443,0,0,0,0,0,0,0,0,0,1,0,0,0,0,0,0
2019-09-04,'300729,乐歌股份,21.43,0.7522,1.007522,0.9405593308563184,21.429886496607192,21.315891100761625,21.527385914987597,22.36774293580281,23.25940226801259,23.200231900481914,0,0,0,0,0,0,0,0,0,1,0,0,0,0,0,0
2019-09-05,'300729,乐歌股份,21.57,0.6533,1.006533,0.9467040049648026,21.569887945089526,21.329889637677493,21.530385082596474,22.353241779538124,23.231828182420898,23.18473684844459,0,0,0,0,0,0,0,0,0,1,0,0,0,0,0,0
2019-09-06,'300729,乐歌股份,21.68,0.51,1.0051,0.9515321953901231,21.679894373609482,21.449889551080165,21.550884947403734,22.349573982631636,23.1988932793535,23.16754089155544,0,0,0,0,0,0,0,0,0,1,0,0,0,0,0,0
2019-09-09,'300729,乐歌股份,21.98,1.3838,1.013838,0.9646994979099317,21.979900751951494,21.58589278371091,21.574885561273163,22.35023980318159,23.163254689441,23.152655089833477,1,0,0,0,0,0,0,0,0,1,0,0,0,0,0,0
2019-09-10,'300729,乐歌股份,21.97,-0.0455,0.999545,0.9642605596383828,21.969899897109357,21.72589389287343,21.617886531246917,22.352405647801238,23.127450050997133,23.14133713756573,1,0,0,0,0,0,0,0,0,0,0,0,0,0,0,0
2019-09-11,'300729,乐歌股份,21.88,-0.4096,0.995904,0.960310948386104,21.879911187130798,21.81589883097815,21.640387831798556,22.349071693888277,23.090895506636777,23.13180021121978,1,0,0,0,0,0,0,0,0,0,0,0,0,0,0,0
2019-09-12,'300729,乐歌股份,22.14,1.1883,1.011883,0.9717223233857761,22.139910171767475,21.929903276313734,21.68688904164292,22.345904570118712,23.060802842782586,23.125206366058396,1,0,0,0,0,0,0,0,0,0,0,0,0,0,0,0
2019-09-16,'300729,乐歌股份,22.39,1.1292,1.011292,0.9826950118614484,22.389914037427076,22.071907209077253,21.738390629089547,22.340070844372878,23.03163710864408,23.11909708992681,1,0,0,0,0,0,0,0,0,0,0,0,0,0,0,0
2019-09-17,'300729,乐歌股份,21.85,-2.4118,0.975882,0.958994373565374,21.84991409067241,22.045909876821437,21.73789261296799,22.315903891132827,23.002349124741805,23.11221549187095,1,0,0,0,0,0,0,0,0,0,0,0,0,0,0,0
2019-09-18,'300729,乐歌股份,22.03,0.8238,1.008238,0.9668945692148055,22.02991368295137,22.05791263398984,21.746894074590717,22.297570202741685,22.9827384318953,23.108749864654303,1,0,0,0,0,0,0,0,0,0,0,0,0,0,0,0
2019-09-19,'300729,乐歌股份,22.58,2.4966,1.024966,0.9910340590298224,22.579912507959932,22.197912898155664,21.790895450301505,22.2879031693394,22.963828851269447,23.10772207971491,1,0,0,0,0,0,0,0,0,0,0,0,0,0,0,0
2019-09-20,'300729,乐歌股份,22.66,0.3543,1.003543,0.9945452927009651,22.65991313797564,22.3019134913973,21.848897249512447,22.278902859655666,22.94682487538574,23.11042393165331,1,1,0,0,0,0,0,0,0,0,0,0,0,0,0,0
2019-09-23,'300729,乐歌股份,22.8,0.6178,1.006178,1.0006895935192717,22.799906081342048,22.383911900180294,21.92289854446827,22.275735862060046,22.925866293119494,23.113051372071556,1,1,0,0,0,0,0,0,0,0,0,0,0,0,0,0
2019-09-24,'300729,乐歌股份,22.9,0.4386,1.004386,1.0050786180764473,22.899906469414816,22.593910375928775,21.933400149796253,22.268235550094825,22.895746499748363,23.114889378184404,1,1,0,0,0,0,0,0,0,0,0,0,0,0,0,0
2019-09-25,'300729,乐歌股份,22.65,-1.0917,0.989083,0.9941061748029068,22.649908190488215,22.717909277436142,21.963901682721538,22.256902114912258,22.864947539553153,23.11445870044779,1,1,0,0,0,0,0,0,0,0,0,0,0,0,0,0
2019-09-26,'300729,乐歌股份,24.92,10.0221,1.100221,1.0937364897478288,24.919904639247132,23.18590770369358,22.128902633397246,22.286568600910186,22.85256969615456,23.125566099980603,1,1,1,1,0,0,0,0,0,0,0,0,0,0,0,0
2019-09-27,'300729,乐歌股份,27.41,9.992,1.09992,1.2030226398034318,27.409901510800708,24.13590537825859,22.424402945911773,22.354568337333987,22.857142331851904,23.147585018348607,1,1,1,1,1,0,0,0,0,0,1,0,0,0,0,0
2019-09-30,'300729,乐歌股份,30.15,9.9964,1.099964,1.323281594968742,30.14990490542639,25.60590514307546,22.877903450853285,22.460901426322273,22.88950421784553,23.178700521130327,1,1,1,1,1,0,0,0,0,0,1,0,0,0,0,0
2019-10-08,'300729,乐歌股份,33.17,10.0166,1.100166,1.455829419210381,33.16990028018333,27.659903905229164,23.471404235422565,22.623734481022616,22.9462066512106,23.221420218361835,1,1,1,1,1,1,1,0,0,0,1,0,0,0,0,0
2019-10-09,'300729,乐歌股份,29.85,-10.009,0.89991,1.3101154526416139,29.849924961139777,29.099907259359476,23.90040576591472,22.73090116492168,22.982263565354227,23.251296139931227,1,1,1,1,1,1,1,0,0,0,1,0,0,0,0,0
2019-10-10,'300729,乐歌股份,26.96,-9.6817,0.9031830000000001,1.1832740048632109,26.95994477617711,29.50791528674547,24.176908679893213,22.794234978995352,22.997954324730106,23.265766378293623,1,1,1,1,1,1,1,0,0,0,1,0,0,0,0,0
2019-10-11,'300729,乐歌股份,25.37,-5.8976,0.941024,1.1134892371523981,25.369955073057287,29.099925999196785,24.366912036291602,22.831568832869227,23.002955746066537,23.271418517944415,1,1,1,1,1,1,1,0,0,0,1,0,0,0,0,0
2019-10-14,'300729,乐歌股份,25.49,0.473,1.00473,1.1187560412441289,25.489954960552847,28.167936010222075,24.55741506563877,22.86473586167339,23.009287636673807,23.27723346752226,1,1,1,1,1,1,1,0,0,0,1,0,0,0,0,0
2019-10-15,'300729,乐歌股份,24.94,-2.1577,0.978423,1.0946166421422043,24.939958202369,26.521947594659213,24.705417938159645,22.884569739679062,23.0060803032941,23.281799975848386,1,1,1,1,1,1,1,0,0,0,1,0,0,0,0,0
2019-10-16,'300729,乐歌股份,25.04,0.401,1.00401,1.0990060548771947,25.039967434760502,25.55995608938336,24.8589213150422,22.900070415373545,23.003788896948826,23.283555079109306,1,1,1,1,1,1,1,0,0,0,1,0,0,0,0,0
2019-10-17,'300729,乐歌股份,24.85,-0.7588,0.992412,1.0906667969327866,24.84996416186554,25.137959966521045,25.007423963778933,22.92190448471322,23.00098790520641,23.286611847541124,1,1,1,1,1,1,1,0,0,0,1,0,0,0,0,0
2019-10-18,'300729,乐歌股份,24.15,-2.8169,0.971831,1.0599438039299869,24.149965521389948,24.89396205618758,25.107926731260058,22.945071830865793,22.990123363795245,23.28567916964393,0,1,1,1,1,1,1,0,0,0,0,0,0,0,0,0
2019-10-21,'300729,乐歌股份,24.38,0.9524,1.009524,1.070038708718616,24.379969793015665,24.67196502268014,25.207429519039486,22.97140609508229,22.984149154375707,23.28562681308947,0,1,1,1,1,1,1,0,0,0,0,0,0,0,0,0
2019-10-22,'300729,乐歌股份,24.33,-0.2051,0.997949,1.0678440593270342,24.329966474970192,24.54996667720038,25.331432138254378,23.0069070129188,22.98354015234022,23.295127666373812,0,1,1,1,1,1,1,1,0,0,0,0,0,1,0,0
2019-10-23,'300729,乐歌股份,24.79,1.8907,1.018907,1.0880337869567305,24.789973151112452,24.49996782047077,25.46943511166243,23.04874123401263,22.98461686780257,23.305953136577685,0,1,1,1,1,1,1,1,0,0,0,0,0,1,0,0
2019-10-24,'300729,乐歌股份,24.11,-2.7430000000000003,0.97257,1.0581890201805073,24.10998418757744,24.35197182561315,25.545938695643308,23.07607558643449,22.97986178142791,23.315366972057593,0,1,1,1,1,1,1,1,0,0,0,0,0,1,0,0
2019-10-25,'300729,乐歌股份,23.9,-0.871,0.99129,1.0489721938147352,23.89998622530364,24.301975966395887,25.607942350009704,23.093410173079757,22.966748688514482,23.32421834192536,0,1,1,1,1,1,1,1,0,0,0,0,0,1,0,0
2019-10-28,'300729,乐歌股份,24.14,1.0042,1.010042,1.0595059725850229,24.139989886978142,24.253979985188383,25.674946540291508,23.115744941860346,22.966208213823823,23.332086992101946,0,1,1,1,1,1,1,1,0,0,0,0,0,1,0,0
2019-10-29,'300729,乐歌股份,23.32,-3.3969,0.966031,1.0235156142022823,23.319978570507384,24.05198240429582,25.69595014534614,23.127079684109567,22.96040379410706,23.335406867832095,0,1,1,1,1,1,1,1,0,0,0,0,0,1,0,0
2019-10-30,'300729,乐歌股份,22.99,-1.4151,0.985849,1.0090318447457058,22.989977553756134,23.69198328482456,25.712953613509534,23.130414587779843,22.9636610852875,23.331023534999748,0,1,1,1,1,1,1,1,0,0,0,0,0,1,0,0
2019-10-31,'300729,乐歌股份,22.61,-1.6529,0.983471,0.9923535573839041,22.6099762147701,23.39198169026309,25.59745719228568,23.128082739887855,22.96044770984117,23.321234770162604,0,1,1,1,1,1,1,1,0,0,0,0,0,1,0,0
2019-11-01,'300729,乐歌股份,22.8,0.8403,1.008403,1.000692304326601,22.79996784490281,23.171978014182926,25.36696050899079,23.132917228479652,22.961295563490786,23.316487941072754,0,1,1,0,1,1,1,1,0,0,0,0,0,1,0,0
2019-11-04,'300729,乐歌股份,22.98,0.7895,1.007895,1.0085927700692594,22.979973591038316,22.939974754994964,25.008463943271387,23.146751826293386,22.96686491066574,23.311509631538886,0,0,0,0,1,1,1,1,0,0,0,0,0,1,0,0
2019-11-05,'300729,乐歌股份,22.78,-0.8703,0.991297,0.9998149871913466,22.77997888087551,22.831974817068588,24.488967873305995,23.162919861105006,22.966307350104767,23.308348079160634,0,0,0,0,1,1,1,1,0,0,0,0,0,1,0,0
2019-11-06,'300729,乐歌股份,23.44,2.8973,1.028973,1.0287826268152414,23.439983208991112,22.92197594811558,24.16847078569856,23.199421149885822,22.97281921629908,23.307548979453344,0,0,0,0,1,1,1,1,0,0,0,0,0,1,0,0
2019-11-07,'300729,乐歌股份,24.19,3.1997,1.031997,1.0617005845254486,24.1899923517292,23.2379791755074,24.029973164476164,23.24475591978564,22.986324548248124,23.310067067312154,0,0,1,0,1,1,1,1,0,0,0,0,0,1,0,0
2019-11-08,'300729,乐歌股份,23.7,-2.0256,0.979744,1.040194777485301,23.699999866652572,23.41798557985735,23.946475404155926,23.281257507681314,22.993351248874294,23.308484198165647,0,1,1,1,1,1,1,1,0,0,0,0,0,1,0,0
2019-11-11,'300729,乐歌股份,21.87,-7.7215,0.922785,0.9598761377417735,21.870004376948994,23.195991737039485,23.765477874975737,23.29125929600606,22.98248478912628,23.29930386078159,0,0,1,0,1,1,1,1,0,0,0,0,0,1,0,0
2019-11-12,'300729,乐歌股份,22.3,1.9662,1.019662,0.9787492223620523,22.300012403008566,23.099998441466095,23.633480585007714,23.30459469481349,22.980983637492333,23.292874341526336,0,0,1,0,1,1,1,1,1,0,0,0,0,1,0,0
2019-11-13,'300729,乐歌股份,24.08,7.9821,1.079821,1.0568739640402136,24.08002169302911,23.22800613827369,23.585483297921144,23.354097048070066,22.990020689167427,23.291622144739623,0,0,1,0,1,1,1,1,1,0,0,0,0,1,0,0
2019-11-14,'300729,乐歌股份,24.09,0.0415,1.000415,1.0573125667352903,24.09001490203172,23.208010648334195,23.547485834929454,23.398432543502295,22.996332682927246,23.292828444981495,0,0,1,0,1,1,1,1,1,0,0,0,0,1,0,0
2019-11-15,'300729,乐歌股份,23.78,-1.2868,0.987132,1.0437070686265406,23.780024590272372,23.22401559305815,23.528988788373574,23.44126818709217,23.00534780797903,23.2975921510623,0,0,1,0,1,1,1,1,1,0,0,0,0,1,0,0
2019-11-18,'300729,乐歌股份,23.43,-1.4718,0.985282,1.0283457879904951,23.430030188352745,23.536020755338903,23.481491808140426,23.475770652089807,23.013098364369046,23.300400820217654,1,1,1,1,1,1,1,1,1,0,1,1,0,1,0,0
2019-11-19,'300729,乐歌股份,24.09,2.8169,1.028169,1.0573132604923996,24.090030708728456,23.894024416482882,23.46949501982834,23.512939923683554,23.024682240305076,23.305968403633194,1,1,1,1,0,1,1,1,1,0,0,0,0,0,0,0
2019-11-20,'300729,乐歌股份,24.8,2.9473,1.029473,1.0884754542188921,24.800036183806814,24.03802731463842,23.469998171463057,23.56210911923872,23.039766228029304,23.311640338943803,1,1,1,1,0,1,1,1,1,0,0,0,0,0,0,0
2019-11-21,'300729,乐歌股份,24.67,-0.5242,0.994758,1.0827696658878767,24.670034394131296,24.154031213058335,23.49800068179075,23.611611609245173,23.055600125046396,23.312668982455016,1,1,1,1,0,1,1,1,1,0,0,0,0,0,0,0
2019-11-22,'300729,乐歌股份,24.87,0.8107,1.008107,1.0915476795692298,24.87003436296452,24.372033167596765,23.546503088673795,23.667780896065302,23.071684017039004,23.314695858374513,1,1,1,1,0,1,1,1,1,0,0,0,0,0,0,0
2019-11-25,'300729,乐歌股份,24.3,-2.2919,0.977081,1.0665304983011825,24.300038045399734,24.546034739006164,23.554505496594878,23.717450193784874,23.086601353780956,23.313887655246063,1,1,1,1,0,1,1,1,1,0,0,0,0,0,0,0
2019-11-26,'300729,乐歌股份,23.67,-2.5926,0.974074,1.0388796286022262,23.670035259034705,24.462035649067417,23.572008331021244,23.7337862087212,23.09468527936646,23.304889853634183,1,1,1,1,0,1,1,1,1,0,0,0,0,0,0,0
2019-11-27,'300729,乐歌股份,22.58,-4.605,0.95395,0.9910392217050936,22.580030135356154,24.01803443937729,23.551510960101243,23.74278875211076,23.096769240723617,23.292443879033176,1,1,1,1,0,1,1,1,1,0,0,0,0,0,0,0
2019-11-28,'300729,乐歌股份,22.42,-0.7086,0.992914,0.9840167177800913,22.42002804181702,23.568033168914436,23.54201355145359,23.75612445904549,23.100436515560485,23.281102350523057,1,0,1,1,0,1,1,1,1,0,0,0,0,0,0,0
2019-11-29,'300729,乐歌股份,22.75,1.4719,1.014719,0.9985004598490963,22.750028434564523,23.144031983234438,23.539516580936674,23.776960011946397,23.10460377893713,23.27167553798259,0,0,1,0,0,1,1,1,1,0,0,0,0,0,0,0
2019-12-02,'300729,乐歌股份,22.27,-2.1099,0.978901,0.9774330986467402,22.270025584623642,22.73802949107922,23.504019180615938,23.796795524913524,23.107104297370437,23.257830895531956,0,0,0,0,0,1,1,1,1,0,0,0,0,0,0,0
2019-12-03,'300729,乐歌股份,22.41,0.6286,1.006286,0.9835772431048336,22.41001496544859,22.486025432362,23.48552098484459,23.815297697857705,23.110104788671958,23.24700436228442,0,0,0,0,0,1,1,1,1,0,0,0,0,0,0,0
2019-12-04,'300729,乐歌股份,22.33,-0.35700000000000004,0.99643,0.9800658723469494,22.33001121202194,22.436021647695153,23.430022384996132,23.832966312203123,23.108271875341035,23.239545038456885,0,0,0,0,0,1,1,1,1,0,0,0,0,0,0,0
2019-12-05,'300729,乐歌股份,22.69,1.6122,1.016122,0.9958664943409269,22.690015652782154,22.49001916988818,23.35502355004878,23.85396846480604,23.110855700304448,23.239353882753406,0,0,0,0,0,1,1,1,1,0,0,0,0,0,0,0
2019-12-06,'300729,乐歌股份,22.95,1.1459,1.011459,1.0072781284995798,22.95002054214739,22.53001759140475,23.317524583823523,23.876970674757004,23.115106227147585,23.240757821892764,0,0,0,0,0,1,1,1,1,0,0,0,0,0,0,0
2019-12-09,'300729,乐歌股份,23.24,1.2636,1.012636,1.0200060949313006,23.24001700171797,22.724015874823614,23.38602521506197,23.902972718558814,23.126273350595245,23.24213231442042,0,0,0,0,0,1,1,1,1,0,0,0,0,0,0,0
2019-12-10,'300729,乐歌股份,22.98,-1.1188,0.988812,1.0085942667412091,22.980007691502745,22.838014420034444,23.42002497948668,23.919641167551337,23.134940485366485,23.24773990080101,0,0,0,0,0,1,1,1,1,0,0,0,0,0,0,0
2019-12-11,'300729,乐歌股份,22.28,-3.0461,0.969539,0.9778714767820051,22.28001367721188,22.82801491307243,23.33002457869582,23.924809730553044,23.138607689177164,23.247851455611613,0,0,0,0,0,1,1,1,1,0,0,0,0,0,0,0
2019-12-12,'300729,乐歌股份,22.34,0.2693,1.002693,0.9805048846689791,22.340013754044612,22.758014533324925,23.242524521296463,23.932478106668274,23.140774900278302,23.245665556414448,0,0,0,0,0,1,0,1,1,0,0,0,0,0,0,0
2019-12-13,'300729,乐歌股份,22.56,0.9848,1.009848,0.9901608967731993,22.560018209494444,22.680014066794335,23.181524202257567,23.93947990729706,23.142692238707912,23.24451823263178,0,0,0,0,0,1,0,1,1,0,0,0,0,0,0,0
2019-12-16,'300729,乐歌股份,23.06,2.2163,1.022163,1.0121058327283836,23.06001589307147,22.644013845065036,23.1630234874935,23.950648271557796,23.145359557965367,23.24671895507097,0,0,0,0,0,1,0,1,1,0,0,0,0,0,0,0
2019-12-17,'300729,乐歌股份,23.19,0.5637,1.005637,1.0178110733074734,23.19000520266071,22.686013347296626,23.118022212190112,23.97298312342427,23.144443507278577,23.251342706262704,0,0,0,0,0,0,0,1,1,0,0,0,0,0,0,0
2019-12-18,'300729,乐歌股份,23.48,1.2505,1.012505,1.0305388007791834,23.479996217719982,22.926009855398245,23.052020213885772,23.99715116567041,23.147360684206078,23.25593702255617,0,0,0,0,0,0,0,1,1,0,0,0,0,0,0,0
2019-12-19,'300729,乐歌股份,23.59,0.4685,1.004685,1.0353668750608338,23.59,23.176007104589324,22.998018494179206,24.013985957204408,23.150944563271935,23.26120922823418,1,0,1,0,0,0,0,1,1,0,0,0,0,0,0,0
